text,true_label,predicted_label
"Many people are opposed to single sentence spacing for various reasons . Some state that the habit of double spacing is too deeply ingrained to change . Others claim that additional space between sentences improves the aesthetics or readability of text . Proponents of double sentence spacing also state that some publishers may still require double @-@ spaced manuscript submissions from authors . A key example noted is the screenwriting industry 's monospaced standard for screenplay manuscripts , Courier , 12 @-@ point font , although some works on screenwriting indicate that Courier is merely preferred – proportional fonts may be used . Some reliable sources state simply that writers should follow their particular style guide , but proponents of double spacing caution that publishers ' guidance takes precedence , including those that ask for double sentence spaced manuscripts .",1,1
Ppl like that irritate my soul,0,0
you charge 150 extra for sending someone out and your cable service still doesn't work. That's robbery.,0,0
"It is filled with precisely the kind of shrill hyperbole that Finkelstein rightly deplores in much of the current media hype over the Holocaust ; it is brimming with the same indifference to historical facts , inner contradictions , strident politics and dubious contextualizations ; and it oozes with the same smug sense of moral and intellectual superiority ... Like any conspiracy theory , it contains several grains of truth ; and like any such theory , it is both irrational and insidious .",1,1
supporter against people,0,0
"Surface @-@ to @-@ surface missile battalions were divided into three or four batteries , each equipped with one missile launcher . They operated thirty FROG @-@ 3 and eighteen SCUD missile launchers . The FROG @-@ 3 , a tactical missile first introduced in 1960 , was being replaced in other non @-@ Soviet Warsaw Pact armies . Proven to be fairly inaccurate in combat , FROG and SCUD missiles would be ineffective weapons carrying conventional high @-@ explosive warheads . Tipped with nuclear or chemical warheads , however , they could be devastating . According to one former Romanian official writing in 1988 , Romania produced chemical agents that could be delivered by battlefield missiles .",1,1
"My boss likes to stand in my office &amp; smile at me like a shark: maliciously gleeful, and ask me how am I as if I have a secret to tell her.",0,0
Nothings -you're feeling your life's on The Edge_Could go either way all reason for -JesusChristHealsSavesASK,0,0
Connivers blind to existential fury,0,0
In 2007 the album was re @-@ released in Germany . The re @-@ release included bonus content .,1,1
Home is where the heart lies ! Love my little island but my birth city just ain't acting right &amp; im not feeling too good about it,0,0
"Not Quite Hollywood : The Wild , Untold Story of Ozploitation ! grossed $ 186 @,@ 986 at the box office in Australia , .",1,1
Always hurting somewhere..... ALWAYS tired ....when are you lively ??,0,0
"In 2014 , Fey was recognized by Elle Magazine during The Women in Hollywood Awards , honoring women for their outstanding achievements in film , spanning all aspects of the motion picture industry , including acting , directing , and producing .",1,1
3 + 6 HF → 2 SbF,1,1
"Imagine celtic burst the net wae every attempt, but nutt same old dain it hard way usual",0,0
Thought I left that part of life behind me\nIt's back to haunt every girl that loves me,0,0
"The High Seas Fleet managed to punch through the British light forces without drawing the attention of Jellicoe 's battleships , and subsequently reached Horns Reef by 04 : 00 on 1 June . Upon reaching Wilhelmshaven , Markgraf went into harbor while several other battleships took up defensive positions in the outer roadstead . The ship was transferred to Hamburg where she was repaired in AG Vulcan 's large floating dock . Repair work was completed by 20 July . In the course of the battle , Markgraf had fired a total of 254 shells from her main battery and 214 rounds from her 15 cm guns . She was hit by five large @-@ caliber shells , which killed 11 men and wounded 13 .",1,1
"ffs as if tate thought wind in the willows was a serious play, can't wait to see him play a singing badger",0,0
Same it's good but not great.Don't Breathe is the horror film of the month for me. My Fav horror film of the year (so far),0,0
((things that grind my gears: people drawing gideon gleeful skinny,0,0
"In 2015 , it was announced Fey would be the narrator for the Disney Nature film Monkey Kingdom , which was released in theaters on April 17 , 2015 . She then re @-@ teamed with Poehler , starring in the 2015 comedy film Sisters as the title characters , and received positive reviews for her role . In 2016 , Fey starred in the biographical war comedy @-@ drama Whiskey Tango Foxtrot , based on the memoir The Taliban Shuffle : Strange Days in Afghanistan and Pakistan , to positive reviews .",1,1
"Archaeologists have differentiated these Early Neolithic tombs into a variety of different architectural styles , each typically associated with a different region within the British Isles . Passage graves , characterised by their narrow passage made of large stones and one or multiple burial chambers covered in earth or stone , were predominantly located in northern Britain and southern and central Ireland . Alternately , across northern Ireland and central Britain long chambered mounds predominated , while in the east and south @-@ east of Britain , earthen long barrows represented the dominant architectural trend . These earthen long barrows were typically constructed of timber because building stone was scarce in southern Britain ; archaeologist Aubrey Burl argued that these timber tombs might have been "" even more eye @-@ catching "" than their stone counterparts , perhaps consisting of "" towering carved poles , flamboyantly painted "" , but that evidence of such sculptures has not survived . The Medway Megaliths represent just one of these regional groups within the wider West European tradition of tomb building in this period .",1,1
"Stansfield 's body was taken from St James Park to his funeral service at Exeter Cathedral on 25 August , attended by over 1 @,@ 000 mourners . A private family service was held later .",1,1
"A gold dollar had been proposed several times in the 1830s and 1840s , but was not initially adopted . Congress was finally galvanized into action by the increased supply of bullion caused by the California gold rush , and in 1849 authorized a gold dollar . In its early years , silver coins were being hoarded or exported , and the gold dollar found a ready place in commerce . Silver again circulated after Congress in 1853 required that new coins of that metal be made lighter , and the gold dollar became a rarity in commerce even before federal coins vanished from circulation because of the economic disruption caused by the American Civil War .",1,1
"Idk why but this Time around its so hard that it hurts, I already miss them all so much",0,0
"'Pleased to meet you. You obviously know me,' offers her hand to shake.",0,0
you got this,0,0
Goddamn headache.,0,0
What? Hillary has 27 different controversies and she gets asked NOTHING about any of them. Truth is she's a horrible candidate,0,0
"regardless, lets say he has a permit. The permit doesn't excuse or allow him to threaten an officer(expressed or implied)w/ it.",0,0
"Over time , the critical reception to Sholay greatly improved ; it is now considered a classic , and among the greatest Hindi @-@ language films . In a 2005 BBC review , the well @-@ rounded characters and simple narrative of the film were commended , but the comical cameos of Asrani and Jagdeep were considered unnecessary . On the film 's 35th anniversary , the Hindustan Times wrote that it was a "" trailblazer in terms of camera work as well as music , "" and that "" practically every scene , dialogue or even a small character was a highlight . "" In 2006 , The Film Society of Lincoln Center described Sholay as "" an extraordinary and utterly seamless blend of adventure , comedy , music and dance "" , labelling it an "" indisputable classic "" . Chicago Review critic Ted Shen criticised the film in 2002 for its formulaic plot and "" slapdash "" cinematography , and noted that the film "" alternates between slapstick and melodrama "" . In their obituary of the producer G.P. Sippy , the New York Times said that Sholay "" revolutionized Hindi filmmaking and brought true professionalism to Indian script writing "" .",1,1
"From Time Immemorial had been praised by figures as varied as Barbara Tuchman , Theodore H. White , Elie Wiesel , and Lucy Dawidowicz . Saul Bellow , for one , wrote in a jacket endorsement that :",1,1
I blame the whole season on Natalie! The season would have been so different had she not turned her back on her alliance!,0,0
"The cornerstone for a new school was laid in November 1953 . A property adjoining the new school site was bought , and the house standing upon it converted to a convent for the nuns staffing the school . The new building was completed and opened for classes in August 1954 ; the old school , which had begun life as the first St. Leonard 's Church , was demolished that fall , and its site became a parking lot .",1,1
"The closely related vulcan elf cup ( Geopyxis vulcanalis ) has a pale orange to yellowish fruitbody that is deeply cup shaped before flattening in maturity , and its crushed flesh often has an odor of sulfur . It may be distinguished microscopically by its paraphyses , which lack the orange @-@ brown granules characteristic of G. carbonaria . It also has larger spores , measuring 14 – 22 by 8 – 11 µm . Unlike G. carbonaria , it grows on substrates other than burned wood , including mosses , and needle duff . Tarzetta cupularis , which grows habitats similar to G. carbonaria , is distinguished microscopically by its spores that contain two oil droplets . Other genera with similar species with which G. carbonaria may be confused in the field include Aleuria , Caloscypha , Melastiza , and Sowerbyella .",1,1
"So I went to a different grocery store, and they had no had to buy Helmann's.\nLiterally shaking right now.",0,0
"Near the end of World War I , the Erzherzog Karl @-@ class battleships were handed over to the newly formed State of Slovenes , Croats and Serbs but Erzherzog Ferdinand Max was later transferred to Great Britain as a war reparation . She was later broken up for scrap in 1921 .",1,1
Lot 100 would give Ghandi road rage,0,0
"The site museum is located 300 metres ( 980 ft ) outside of the Toniná archaeological zone . It possesses 2 exhibition rooms and a conference room . The first room explains the pyramidal form of the acropolis and how it relates to Maya mythology , while the main room contains sculptures of the city 's rulers .",1,1
Why doesn't anybody I know watch penny dreadful?,0,0
"Sat waiting for bus today enveloped in a strawberry scented damp and revolting cloud of vape. I moved away, disgusting, urghh",0,0
Harold Jarowsky – second engineering,1,1
Patriot rookie QB Jacoby Brissett to start vs Houston tomorrow nite.\n\n'Been a learning process since I got here.Gotta be ready to go.',0,1
"As older forms of transportation such as the canal boat disappeared , new forms arose . One of these , the electric trolley , began operation in Lock Haven in 1894 . The Lock Haven Electric Railway , managed by the Lock Haven Traction Company and after 1900 by the Susquehanna Traction Company , ran passenger trolleys between Lock Haven and Mill Hall , about 3 miles ( 5 km ) to the west . The trolley line extended from the Philadelphia and Erie Railroad station in Lock Haven to a station of the Central Railroad of Pennsylvania , which served Mill Hall . The route went through Lock Haven 's downtown , close to the Normal School , across town to the trolley car barn on the southwest edge of the city , through Flemington , over the Bald Eagle Canal and Bald Eagle Creek , and on to Mill Hall via what was then known as the Lock Haven , Bellefonte , and Nittany Valley Turnpike . Plans to extend the line from Mill Hall to Salona , 3 miles ( 5 km ) miles south of Mill Hall , and to Avis 10 miles ( 16 km ) northeast of Lock Haven , were never carried out , and the line remained unconnected to other trolley lines . The system , always financially marginal , declined after World War I. Losing business to automobiles and buses , it ceased operations around 1930 .",1,1
"There were many other versions of the NS @-@ 10 , the best known of which were the "" NS @-@ 10M Studio "" and the "" NS @-@ 10M Pro "" , both introduced in 1987 . Technically identical to the "" Studio "" , the "" Pro "" comes fitted with a speaker grille and is meant to be used in a vertical orientation .",1,1
"Astraeus pteridis is larger , 5 to 15 cm ( 2 @.@ 0 to 5 @.@ 9 in ) or more when expanded , and often has a more pronounced areolate pattern on the inner surface of the rays . It is found in North America and the Canary Islands . A. asiaticus and A. odoratus are two similar species known from throughout Asia and Southeast Asia , respectively . A. odoratus is distinguished from A. hygrometricus by a smooth outer mycelial layer with few adhering soil particles , 3 – 9 broad rays , and a fresh odor similar to moist soil . The spore ornamentation of A. odoratus is also distinct from A. hygrometricus , with longer and narrower spines that often joined together . A. asiaticus has an outer peridial surface covered with small granules , and a gleba that is purplish @-@ chestnut in color , compared to the smooth peridial surface and brownish gleba of A. hygrometricus . The upper limit of the spore size of A. asiaticus is larger than that of its more common relative , ranging from 8 @.@ 75 – 15 @.@ 2 μm . A. koreanus ( sometimes named as the variety A. hygrometricus var. koreanus ; see Taxonomy ) differs from the more common form in its smaller size , paler fruit body , and greater number of rays ; microscopically , it has smaller spores ( between 6 @.@ 8 and 9 μm in diameter ) , and the spines on the spores differ in length and morphology . It is known from Korea and Japan .",1,1
My heads still in Ibiza but my body is sat at me desk at work,0,0
"ArtWalk takes place approximately every six weeks on Saturday evenings throughout the year . ArtWalk is organized by Galveston Arts Center , which releases an ArtWalk brochure featuring a map of participating venues as well as descriptions of shows and exhibits . Venues include GAC , Galveston Artist Residency and artist ’ s studios and galleries . Additionally , art is shown in “ other walls ” — for example MOD Coffeehouse or Mosquito Cafe — or outdoors at Art Market on Market Street . Musicians perform outdoors and at venues such as the Proletariat Gallery & Public House or Old Quarter Acoustic Cafe . While most ArtWalk events are concentrated downtown , there are a number or participants elsewhere on the island .",1,1
"De Zayas , Alfred . Review of Beyond Chutzpah in Frankfurter Allgemeine Zeitung ( February 3 , 2006 )",1,1
Absolutely fuming that some woman jumped into my prebooked taxi and drove off,0,0
A Leopard never changes its spots!,0,0
sorry to u griffin!!,0,0
"In 1991 , Jordan purchased a lot in Highland Park , Illinois , to build a 56 @,@ 000 square foot mansion , which was completed four years later . Both of his sons attended Loyola Academy , a private Roman Catholic high school located in Wilmette , Illinois . Jeffrey graduated as a member of the 2007 graduating class and played his first collegiate basketball game on November 11 , 2007 , for the University of Illinois . After two seasons , Jeffrey left the Illinois basketball team in 2009 . He later rejoined the team for a third season , then received a release to transfer to the University of Central Florida , where Marcus was attending . Marcus transferred to Whitney Young High School after his sophomore year at Loyola Academy and graduated in 2009 . He began attending UCF in the fall of 2009 , and played three seasons of basketball for the school .",1,1
"On a practical level for the music professional , the speaker is analytic and clinical @-@ sounding . Gizmodo likened the NS @-@ 10 to music editors who reveal the weaknesses of recordings , so that engineers would be forced to either make necessary compensation in the mix or otherwise rework them .",1,1
"Out of these 43 cardinals only 27 or 28 were actually considered papabile , while the remaining 15 were excluded due to their age or health .",1,1
"Clarkson shares writing credits on all five original songs on Wrapped in Red , some of which were written in December 2012 to avoid writing Christmas tunes during the 2013 summer season . She co @-@ wrote the opening and the title track , "" Wrapped in Red "" , with Ashley Arrison , Aben Eubanks , and Shane McAnally . A Christmas ballad , the song was inspired by a scene in the holiday feature film Love Actually ( 2003 ) , in which someone confesses unrequited love towards another . Critics singled out the track the one that resonates the Wall of Sound the most . The second track , "" Underneath the Tree "" , was written by Clarkson and Kurstin , making it the first time they had co @-@ written a track together . Clarkson remarked , "" Greg and I have worked a lot together , but usually I just come in and I just sing . We 've never have actually written a song together at this point . And he and I were like , ' Let 's just try to write something for the record . "" RCA Records chief executive Peter Edge remarked that its release as a single was partly inspired by the success of "" All I Want for Christmas Is You "" by Carey . The following track is a rendition of the holiday standard "" Have Yourself a Merry Little Christmas "" , which Clarkson had selected for its saccharine content .",1,1
so probably hunger and depression and dissociating equals a weird time anything else,0,0
"Never forget that 5Live cancelled programs, to allow them to extend 606 so people could call in and detail their outrage after our behaviour",0,0
There are adults commiting serious crimes in the name of protest.(like burning a library) how are we just expecting them to get a warning?,0,0
"Each wall has large carvings of Shiva , each more than 5 metres ( 16 ft ) in height . The central Shiva relief Trimurti is located on the south wall and is flanked by Ardhanarisvara ( a half @-@ man , half @-@ woman representation of Shiva ) on its left and Gangadhara to its right , which denotes the River Ganges ' descent from Shiva 's matted locks . Other carvings related to the legend of Shiva are also seen in the main hall at strategic locations in exclusive cubicles ; these include Kalyanasundaramurti , depicting Shiva 's marriage to the goddess Parvati , Andhakasuravadamurti or Andhakasuramardana , the slaying of the demon Andhaka by Shiva , Shiva @-@ Parvati on Mount Kailash ( the abode of Shiva ) , and Ravananugraha , depicting the demon @-@ king Ravana shaking Kailash .",1,1
\n\nThe crisp autumn air\nMy freedom purchased through death\nNo one will mourn me,0,0
I wouldn't have issues.....if she didn't have issues.....think about that one.,0,0
"Yep, as I pointed out before, it's the politics of loathing. That's why the big candidates are so horrible.",0,0
or is an intense emotional response.,0,0
"Luis Fernández de Córdoba ( December 18 , 1754 ) – Cardinal @-@ Priest [ no title assigned ] ; archbishop of Toledo",1,1
I am about to be a coward and I feel terrible. But I can't even face this,0,0
Are you that lives in Peckham......South London's own Guru(big up),0,0
should be retitled fill your house with old trash repainted ...,0,0
"Renewed interest in Crusader castles in the 19th century led to the investigation of Krak des Chevaliers , and architectural plans were drawn up . In the late 19th or early 20th century a settlement had been created within the castle , causing damage to its fabric . The 500 inhabitants were moved in 1933 and the castle was given over to the French state , which carried out a program of clearing and restoration . When Syria declared independence in 1946 , it assumed control . Today , a village called al @-@ Husn exists around the castle and has a population of nearly 9 @,@ 000 . Krak des Chevaliers is located approximately 40 kilometres ( 25 mi ) west of the city of Homs , close to the border of Lebanon , and is administratively part of the Homs Governorate . Since 2006 , the castles of Krak des Chevaliers and Qal 'at Salah El @-@ Din have been recognized by UNESCO as a World Heritage Site . It was partially damaged in the Syrian civil war from shelling : the full extent of the damage is unknown , but there have been reports of hasty repairs .",1,1
"Although Jordan has done much to increase the status of the game , some of his impact on the game 's popularity in America appears to be fleeting . Television ratings in particular increased only during his time in the league , and Finals ratings have not returned to the level reached during his last championship @-@ winning season .",1,1
"Hooglund , Eric . Reviewed work : Image and Reality of the Israel @-@ Palestine Conflict by Norman Finkelstein , Journal of Palestine Studies , Vol . 33 , No. 3 , Special Issue in Honor of Edward W. Said . ( Spring , 2004 ) , pp. 123 – 124 .",1,1
please take out the,0,0
My name is John Locke and you can't tell me what I can and can't do,0,0
"Sachin as Ahmed , son of the imam",1,1
varsity pine riding,0,0
"Madero and his supporters had the right to name fourteen provisional state governors , and to approve la Barra 's cabinet .",1,0
"However , Georgiev and Kolev 's pessimistic assessment of 6.Bg5 has since been called into question , as White succeeded with 10.e5 ( another critical line ) in several later high @-@ level games . GM Zaven Andriasyan wrote in 2013 that after 10.f5 , "" a forced draw results "" , but that after 10.e5 , "" we reach a very sharp position , with mutual chances . """,1,1
"Wheeler was known as "" Rik "" among friends . He divided opinion among those who knew him , with some loving and others despising him , and during his lifetime he was often criticised on both scholarly and moral grounds . The archaeologist Max Mallowan asserted that he "" was a delightful , light @-@ hearted and amusing companion , but those close to him knew that he could be a dangerous opponent if threatened with frustration "" . His charm offensives were often condemned as being insincere . During excavations , he was known as an authoritarian leader , but favoured those whom he thought exhibited bravery by standing up to his authority . Hence , he has been termed "" a benevolent dictator "" . He was meticulous in his writings , and would repeatedly revise and rewrite both pieces for publication and personal letters . Throughout his life , he was a heavy smoker .",1,1
"Ashbee suggested that given its size and comparisons with other long barrows , such as Fussell 's Lodge , the Coldrum tomb could have housed the remains of over a hundred individuals . Excavations conducted in the early 20th century have led to the methodical discovery and removal of what was believed to be the remains of twenty @-@ two human individuals . These remains were examined by Sir Arthur Keith , the conservator of the museum at the Royal College of Surgeons . He published his results in 1913 , in a paper largely concerned with discerning racial characteristics of the bodies .",1,1
My heartbeat is forever stumbling on memories of things past.,0,0
"And you're cheerfully defending a group of unchecked, armed thugs who've shown a history of racism, violence, and lies.",0,0
"In 2011 , the UT Board of Regents approved the construction of a new 13 story hospital that will be located next to John Sealy Hospital . Construction will begin in the fall of 2011 , with the demolition of the old Jennie Sealy and Shriners hospitals , and continue until completion in 2016 . The facility will have 250 room , 20 operating suites and 54 intensive care beds . When the new hospital is complete , along with the renovations at John Sealy , both complexes will have around 600 beds .",1,1
""" Whither the `peace process ' ? "" , New Left Review , ( 1996 ) 218 , p . 138",1,1
Monument 5 was recovered from a school in Ocosingo and moved to the site museum of Toniná . It is a badly eroded life @-@ size human statue with the head missing .,1,1
well done bro,0,0
My anxiety is playing around HELP!!!!!,0,0
"Zhou has appeared in various kinds of media including novels , comic books , and movies . Apart from The Story of Yue Fei and Iron Arm , Golden Sabre , he appears in a novel based around his older martial arts brother , Jin Tai . A recent graphic novel of The Story of Yue Fei , deletes all mythological elements from the storyline and presents it in a historical manner . Instead of traveling from Hebei to Hubei to inspect land , Zhou travels from Shaanxi to Kaifeng City in Henan to visit an old friend who had been promoted to General . While en route to the capital city , Zhou takes note of a great famine plaguing the peasantry and even hears stories of some people resorting to Cannibalism . However , when he arrives in Kaifeng , he sees the empire is wasting money on the construction of large imperial gardens , the court officials Cai Jing and Wang Pu have extravagant residencies , and hears that even eunuchs are rich because they are given high government posts . Upon locating his friend , Zhou is distressed to find him in stocks and shackles and being escorted to the farthest reaches of China by imperial guards . He later learns that the General had accidentally offended some court officials and was sentenced to permanent exile on some trumped up charges . Apparently having little or no money , Zhou decides to visit Wang Ming in Hubei ( mistakenly called Hebei ) and becomes the estate 's tutor .",1,1
I'm getting use to not having a phone it's sad ..,0,0
"categ than GEN &amp;OBC it cost only 100 or nill .i am not against the reservation and i support it,sir minimize the fees fut",0,0
"Some sources give Stephen 's place of birth as Marylebone , London , others as Glasgow . The eldest of eleven children in a "" closely @-@ knit ... family "" , her father was a tailor . She has been described as "" virtually the only Scottish working @-@ class Women 's Social and Political Union ( WSPU ) member about whom anything is known "" . She attended Sunday schools separately linked to the church and to socialism , and was educated at North Kelvinside School . She won a scholarship to train as a pupil @-@ teacher .",1,1
Feeling worthless as always,0,0
"The factory where the incident took place is the Xuri ( "" Early Light "" ) Toy Factory ( 旭日玩具厂 ) , owned by Hong Kong @-@ based Early Light International ( Holdings ) Ltd . , the largest toy manufacturer in the world . The company 's Shaoguan factory in the Wujiang district employs some 16 @,@ 000 workers . At the behest of the Guangdong authorities , it hired 800 workers from Kashgar , in Xinjiang as part of an ethnic program which relocated 200 @,@ 000 young Uyghurs since the start of 2008 . According to The Guardian , most workers sign a one- to three @-@ year contract then travel to factory dormitories in the south ; in addition to their salaries ranging from 1 @,@ 000 yuan to 1 @,@ 400 yuan a month , many get free board and lodging . Most of these Kashgars are away from home to work for the first time . The Far Eastern Economic Review said Guangdong authorities initiated a controversial plan to ship [ Uyghur ] workers to Guangdong factories amid continuing labour shortages . The young workers , whose families have charged that they were forced to send their children south , often lack even basic Chinese language skills and find it difficult to fit in with the dominant Han culture . "" The New York Times quoted Xinjiang Daily saying in May that 70 percent of the young Uyghurs had "" signed up for employment voluntarily . "" However , Kashgar residents say the families of those who refuse to go are threatened with fines of up to six months ' worth of a villager 's income .",1,1
"Shortly before 16 : 00 the battlecruisers of I Scouting Group encountered the British 1st Battlecruiser Squadron under the command of Vice Admiral David Beatty . The opposing ships began an artillery duel that saw the destruction of Indefatigable , shortly after 17 : 00 , and Queen Mary , less than half an hour later . By this time , the German battlecruisers were steaming south to draw the British ships toward the main body of the High Seas Fleet . At 17 : 30 , König 's crew spotted both the I Scouting Group and the 1st Battlecruiser Squadron approaching . The German battlecruisers were steaming to starboard , while the British ships steamed to port . At 17 : 45 , Scheer ordered a two @-@ point turn to port to bring his ships closer to the British battlecruisers , and a minute later , the order to open fire was given .",1,1
"When Fallon left the show in May 2004 , he was replaced on Weekend Update by Amy Poehler . It was the first time that two women co @-@ anchored Weekend Update . Fey revealed that she "" hired "" Poehler as her co @-@ host for the segment . The reception was positive , with Rachel Sklar of the Chicago Tribune noting that the pairing "" has been a hilarious , pitch @-@ perfect success as they play @-@ off each other with quick one @-@ liners and deadpan delivery "" .",1,1
"Modern writers often think of Black 's role in more dynamic terms than merely trying to equalize . Rowson writes that "" the idea of Black trying to ' equalize ' is questionable . I think it has limited application to a few openings , rather than being an opening prescription for Black in general . "" Evans wrote that after one of his games against Fischer , "" Fischer confided his ' secret ' to me : unlike other masters , he sought to win with the Black pieces from the start . The revelation that Black has dynamic chances and need not be satisfied with mere equality was the turning point in his career , he said . "" Likewise , Watson surmised that Kasparov , when playing Black , bypasses the question of whether White has an opening advantage "" by thinking in terms of the concrete nature of the dynamic imbalance on the board , and seeking to seize the initiative whenever possible "" . Watson observes that "" energetic opening play by Black may ... lead to a position so complex and unclear that to speak of equality is meaningless . Sometimes we say ' dynamically balanced ' instead of ' equal ' to express the view that either player is as likely as the other to emerge from complications with an advantage . This style of opening play has become prevalent in modern chess , with World Champions Fischer and Kasparov as its most visible practitioners . """,1,1
"Asrani as the Jailor , a comical character modelled after Charlie Chaplin in The Great Dictator ( 1940 )",1,1
doing the exact same minus the beer sadly,0,0
My heart goes out to that woman for the indignity of what she is sitting through.,0,0
"As with other tales in the collection , the moralitas of The Fox , the Wolf and the Husbandman can be considered at odds with the tale itself . Lianne Farber highlights a number of these discrepancies , and says that the allegory "" does not hold true in any traditional sense "" . Amongst the inconsistencies is that the fox , not the wolf , is the figure that argues with and finds fault in the husbandman ; the "" woods of the world "" are not traversed by the husbandman , in spite of the moralitas suggesting it is applicable to all men ; Farber argues that even assuming the moral to be true is problematic , since it apparently suggests that the godly man must bribe the figure of the judge , and that this does not affect his godly status . Furthermore , the absence of the legal discussion and the binding quality of words from the moralitas suggests to Farber that the "" intricate legal framework … has no impact whatsoever in resolving the issues with which it is supposed to deal "" . In contrast , Philippa M. Bright considers that the moralitas of this tale , as well as several others , create "" an additional sense which co @-@ exists with the literal narrative and extends and complements it thematically "" ; treating literal details symbolically and establishing the sense through direct comparisons .",1,1
U got to b kidding me. Anu from your firm responded when I sent the contact details.,0,0
"The city is about 45 miles ( 72 km ) southeast of downtown Houston . The island is oriented generally northeast @-@ southwest , with the Gulf of Mexico on the east and south , West Bay on the west , and Galveston Bay on the north . The island 's main access point from the mainland is the Interstate Highway 45 causeway that crosses West Bay on the northeast side of the island .",1,1
I'm so sorry. This is heartbreaking and so scary. If it can happen there it can happen anywhere. Please be safe,0,0
Trump supports reach another level of irritation within me,0,0
"Abdukeyum Muhammat , deputy secretary of Xinjiang kanji Prefectural Committee of the Communist Party , led a working team to Shaoguan on 27 June . Zhou Yongkang , Politburo Standing Committee member responsible for security , reportedly visited Shaoguan in early September 2009 . On 5 August , Xinhua reported that Chinese police had arrested Kurban Khayum , a chef at an Arabic restaurant in Guangzhou who they claimed confessed to being an agent for the World Uygur Congress ( WUC ) and who allegedly spread rumours that were later used as a pretext to trigger the Ürümqi riots of 5 July . Xinhua alleged that he had fabricated a report that "" the factory brawl had caused the death of 17 to 18 people , including three females , "" which he sent in an e @-@ mail to Rebiya Kadeer .",1,1
"People want me to go pine ridge, little wound or Oelrichs. Starting to think about transferring but I wanna stay at cloud. Decisions man.",0,0
18' \nMichael Carrick as struck the back of the net much to the delight of under pressure man u fanz and MOU...,0,1
For the last 2 years the U.S. has been averaging about 4 terrorist attacks a month. Good debate topic.,0,0
"The first horses were introduced to New Zealand by Protestant missionary Reverend Samuel Marsden in December 1814 , and wild horses were first reported in the Kaimanawa Range in central North Island of New Zealand in 1876 . The Kaimanawa breed descended from domestic horses that were released in the late 19th century and early 20th century in the middle of the North Island around the Kaimanawa mountains . Between 1858 and 1875 , Major George Gwavas Carlyon imported Exmoor ponies to Hawkes Bay and crossed them with local stock to produce the Carlyon pony . These Carlyon ponies were later crossed with two Welsh stallions , Kinarth Caesar and Comet , imported by Sir Donald McLean , and a breed known as the Comet resulted . At some point during the 1870s , McLean released a Comet stallion and several mares on the Kaingaroa Plains and the bloodline apparently became part of the wild Kaimanawa population . Other horses were added to the bloodline through escapes and releases from local sheep stations and from cavalry units at Waiouru that were threatened with a strangles epidemic . It is also thought that in the 1960s Nicholas Koreneff released an Arabian stallion into the Argo Valley region .",1,1
Now this is getting out of hand. I'm freaked out by this death...and I'm God!!,0,0
"During World War II civil aerodromes were taken over for military use , existing military airfields were expanded , and new ones were built . This resulted in a significant inventory of facilities becoming available after the war . Pre @-@ war civil aerodromes , for example Sywell , were returned to civilian use . Surplus military airfields were closed , and in some cases , for example Beccles , subsequently re @-@ opened as civil aerodromes . The Ministry of Civil Aviation was created to regulate all civil aviation in the UK , and this task remained the responsibility of government departments until the establishment of the independent CAA in 1972 .",1,1
"The centennial of the church building was celebrated in December 2013 , at a bilingual Mass conducted by Elden Curtiss , archbishop emeritus of the Archdiocese of Omaha .",1,1
GWENDOLEN : I can . For I feel that you are sure to change .,1,0
"The wolf , after some complaint , agrees to this and the two proceed through the woods after the prize — all the while the fox considers how to trick the wolf . Eventually , as the wolf complains of the fruitlessness of their quest , they arrive at a draw @-@ well with buckets on each end of a rope . Seeing the reflection of the moon in the water at the bottom of the well , the wolf believes there to be cheese down there and lowers the fox down to pick it up . When he complains that it is too heavy for him to lift alone , the wolf jumps into the other bucket and descends to help . However , this pulls up the other bucket , into which the fox has jumped , and so the two swap places ; the wolf at the bottom of the well and the fox safely escaped . The narrator professes that he does not know who helped the wolf out of the well , but that the tale is at an end .",1,1
thanks.,0,0
Watch this amazing live.ly broadcast by,0,0
"Valkyria Chronicles 3 was adapted into a two @-@ episode original video animation series in the same year of its release . Titled Senjō no Valkyria 3 : Taga Tame no Jūsō ( 戦場のヴァルキュリア３ 誰がための銃瘡 , lit . Valkyria of the Battlefield 3 : The Wound Taken for Someone 's Sake ) , it was originally released through PlayStation Network and Qriocity between April and May 2011 . The initially @-@ planned release and availability period needed to be extended due to a stoppage to PSN during the early summer of that year . It later released for DVD on June 29 and August 31 , 2011 , with separate "" Black "" and "" Blue "" editions being available for purchase . The anime is set during the latter half of Valkyria Chronicles III , detailing a mission by the Nameless against their Imperial rivals Calamity Raven . The anime was first announced in November 2010 . It was developed by A @-@ 1 Pictures , produced by Shinji Motoyama , directed by Nobuhiro Kondō , and written by Hiroshi Ōnogi . Sakimoto 's music for the game was used in the anime .",1,1
"Music was the least restricted of cultural activities , probably because Hans Frank regarded himself as a fan of serious music . In time , he ordered the creation of the Orchestra and Symphony of the General Government in its capital , Kraków . Numerous musical performances were permitted in cafes and churches , and the Polish underground chose to boycott only the propagandist operas . Visual artists , including painters and sculptors , were compelled to register with the German government ; but their work was generally tolerated by the underground , unless it conveyed propagandist themes . Shuttered museums were replaced by occasional art exhibitions that frequently conveyed propagandist themes .",1,1
"In March 1979 , Coleman went to RCA Records ' New York studio to produce an album with Prime Time by direct @-@ to @-@ disc recording . They had mechanical problems with the studio equipment and the recording was rejected . The failed session was a project under Phrase Text , Coleman 's music publishing company . He wanted to set up his own record company with the same name , and chose his old friend Kunle Mwanga as his manager . In April , Mwanga arranged another session at CBS Studios in New York City , and Coleman recorded Of Human Feelings there on April 25 ; the session was originally titled Fashion Faces . Jackson did not record with the band and Calvin Weston was hired in his place to play simultaneously with Denardo Coleman . They recorded all the album 's songs on the first take without any equipment problems . The album was recorded with a Sony PCM @-@ 1600 two @-@ track digital recorder , a rare item at the time . According to journalist Howard Mandel , the passages played by the band sounded neither very soft or loud on the album , because it had been mixed with a middle @-@ frequency range and compressed dynamics . Because of the equipment used , Coleman did not embellish the album with added effects and avoided overdubbing , multi @-@ tracking , and remixing . According to him , Of Human Feelings was the first jazz album to be digitally recorded in the United States .",1,1
"Other Polish writers , however , rejected the Soviet persuasions and instead published underground : Jadwiga Czechowiczówna , Jerzy Hordyński , Jadwiga Gamska @-@ Łempicka , Herminia Naglerowa , Beata Obertyńska , Ostap Ortwin , Tadeusz Peiper , Teodor Parnicki , Juliusz Petry . Some writers , such as Władysław Broniewski , after collaborating with the Soviets for a few months , joined the anti @-@ Soviet opposition . Similarly , Aleksander Wat , initially sympathetic to communism , was arrested by the Soviet NKVD secret police and exiled to Kazakhstan .",1,1
If you really care like you state then I would seriously address sensitivity training to your employees,0,0
Andrew's hands start shaking and he says 'I hope I die.. like right now',0,0
"Franz Konrad Casimir von Rodt ( April 5 , 1756 ) – Cardinal @-@ Priest of S. Maria del Popolo ; bishop of Constance",1,1
"Lock Haven is the county seat of Clinton County and houses county offices , courts , and the county library . Three elected commissioners serving four @-@ year terms manage the county government . Robert "" Pete "" Smeltz , chairman ; Jeffrey Snyder , vice @-@ chairman , and Paul Conklin , have terms running through 2019 .",1,1
Best quote from a 7 in German - Almost,0,0
"As I remember and reflect on Reginald Denny on a night much like this (like ) I think to myself, the gun lobby must be rejoicing.",0,0
This uber driver TRIED it with me &amp; he'll feel my wrath,0,0
"Koushik Banerjea , a sociologist in the London School of Economics , notes that Sholay exhibits a "" sympathetic construction of ' rogue ' masculinity "" exemplified by the likeable outlaws Jai and Veeru . Banerjea argues during the film , the moral boundary between legality and criminality gradually erodes . Film scholar Wimal Dissanayake agrees that the film brought "" a new stage in the evolving dialectic between violence and social order "" to Indian cinema . Film scholar M. Madhava Prasad states that Jai and Veeru represent a marginalised population that is introduced into conventional society . Prasad says that , through the elements of revenge included in the plot and the application of Jai and Veeru 's criminality for the greater good , the narrative reflects reactionary politics , and the audience is compelled to accept feudal order . Banerjea explains that though Jai and Veeru are mercenaries , they are humanised by their emotional needs . Such dualism makes them vulnerable , in contrast to the pure evil of Gabbar Singh .",1,1
I need it today! Do u know how many fuckin French plaits I had to do this morn with a stroppy 9 yr old!,0,0
that's what I'm afraid of!,0,0
revenge,0,0
"The first description of a procedure for isolating antimony is in the book De la pirotechnia of 1540 by Vannoccio Biringuccio ; this predates the more famous 1556 book by Agricola , De re metallica . In this context Agricola has been often incorrectly credited with the discovery of metallic antimony . The book Currus Triumphalis Antimonii ( The Triumphal Chariot of Antimony ) , describing the preparation of metallic antimony , was published in Germany in 1604 . It was purported to have been written by a Benedictine monk , writing under the name Basilius Valentinus , in the 15th century ; if it were authentic , which it is not , it would predate Biringuccio .",1,1
Amitabh Bachchan as Jai ( Jaidev ),1,1
Manchester United v Manchester City days,0,0
Monument 8 dates to the reign of Ruler 2 . It marks the period ending of 682 and shows the presentation of three war captives .,1,1
"The Unix typesetter program troff uses two spaces to mark the end of a sentence . This allows the typesetter to distinguish sentence endings from abbreviations and to typeset them differently . Early versions of troff , which only typeset in fixed width fonts , would automatically add a second space between sentences , which were detected based on the combination of terminal punctuation and a line feed .",1,1
"This mindlessness is connected to the context in which Brooks was writing . He declared : "" at this point we 're pretty much living in an irrational time "" , full of human suffering and lacking reason or logic . When asked in a subsequent interview about how he would compare terrorists with zombies , Brooks said :",1,1
"If the ylide carbon is substituted with an aryl or allyl group , the reagent is referred to as a semi @-@ stabilized ylide . These have been developed extensively , second only to the classical methylene reagents ( R1 = R2 = H ) . The substitution pattern on aryl reagents can heavily influence the selectivity of the reaction as per the criteria above .",1,1
"In South Africa , the government adopts a contingency plan drafted by apartheid @-@ era intelligence consultant Paul Redeker . It calls for the establishment of small sanctuaries , leaving large groups of survivors abandoned in special zones in order to distract the undead and allowing those within the main safe zone time to regroup and recuperate . Governments worldwide assume similar plans or relocate the populace to safer foreign territory , such as the attempted complete evacuation of the Japanese archipelago to Kamchatka . Because zombies freeze solid in severe cold , many civilians in North America flee to the wildernesses of northern Canada and the Arctic , where eleven million people die of starvation and hypothermia . It is implied that some turn to cannibalism to survive ; further interviews from other sources imply that cannibalism occurred in areas of the United States where food shortages occurred . The three remaining astronauts in the International Space Station survive the war by salvaging supplies from the abandoned Chinese space station and maintain some military and civilian satellites using an orbital fuel station . A surviving member of the ISS crew describes "" mega "" swarms of zombies on the American Great Plains and Central Asia , and how the crisis affected Earth 's atmosphere .",1,1
"Although it is uncertain what role the Ten Commandments played in early Christian worship , evidence suggests they were recited during some services and used in Christian education . For example , the Commandments are included in one of the earliest Christian writings , known as the Teaching of the Twelve Apostles or the Didache . Scholars contend that the Commandments were highly regarded by the early Church as a summary of God 's law . The Protestant scholar Klaus Bockmuehl believes that the Church replaced the Commandments with lists of virtues and vices , such as the seven deadly sins , from 400 – 1200 . Other scholars contend that throughout Church history the Commandments have been used as an examination of conscience and that many theologians have written about them . While evidence exists that the Commandments were part of catechesis in monasteries and other venues , there was no official Church position to promote specific methods of religious instruction during the Middle Ages . The Fourth Lateran Council ( 1215 ) was the first attempt to remedy this problem . Surviving evidence reveals that some bishops ' efforts to implement the Council 's resolutions included special emphasis on teaching the Commandments in their respective dioceses . Centuries later , the lack of instruction in them by some dioceses formed the basis of one of the criticisms launched against the Church by Protestant reformers .",1,1
"Groundsel and Necklaces ; Blackie , 1946 ; reprinted as Fairy Necklaces",1,1
"Described as a "" masterpiece of Gupta @-@ Chalukyan art "" , the most important sculpture in the caves is the Trimurti , carved in relief at the back of the cave facing the entrance , on the north @-@ south axis . It is also known as Trimurti Sadashiva and Maheshmurti . The image , 6 m ( 20 ft ) in height , depicts a three @-@ headed Shiva , representing Panchamukha Shiva . The three heads are said to represent three essential aspects of Shiva : creation , protection , and destruction . The right half @-@ face ( west face ) shows him as a young person with sensuous lips , embodying life and its vitality . In his hand he holds an object resembling a rosebud , depicting the promise of life and creativity . This face is closest to that of Brahma , the creator or Uma or Vamadeva , the feminine side of Shiva and creator of joy and beauty . The left half @-@ face ( east face ) is that of a moustached young man , displaying anger . This is Shiva as the terrifying Aghora or Bhairava , the one whose anger can engulf the entire world in flames , leaving only ashes behind . This is also known as Rudra @-@ Shiva , the Destroyer . The central face , benign and meditative , resembles the preserver Vishnu . This is Tatpurusha , "" master of positive and negative principles of existence and preserver of their harmony "" or Shiva as the yogi Yogeshwar in deep meditation praying for the preservation of humanity . The aspects Sadyojata and Ishana ( not carved ) faces are considered to be at the back and top of the sculpture . The Trimurti sculpture , with the Gateway of India in the background , has been adopted as the logo of the Maharashtra Tourism Department ( MTDC ) .",1,1
Never let me see you frown,0,0
"Other important patrons of Polish culture included the Roman Catholic Church and Polish aristocrats , who likewise supported artists and safeguarded Polish heritage ( notable patrons included Cardinal Adam Stefan Sapieha and a former politician , Janusz Radziwiłł ) . Some private publishers , including Stefan Kamieński , Zbigniew Mitzner and the Ossolineum publishing house , paid writers for books that would be delivered after the war .",1,1
"Don't let fear hold you back from being who you want to be. Use it's power to push you towards your goals. No more fear, just action.",0,0
When health insurance won't cover TMS but they let me know they cover ECT,0,0
I don't want speak front to him,0,0
Let's refuse to live in -,0,0
"Cullen was born in Puslinch @-@ Ontario on August 2 , 1964 . He is one of six children of Barry and Loretta Cullen . His father and uncles Brian and Ray all played in the NHL , and while Cullen and his three brothers all played as well , their father never pressured them , preferring that they enjoy the game .",1,1
Ever put your fist through your laptops screen? If so its time for a new one lmao,0,0
"At the north end of the small courtyard is a chapel and at the southern end is an esplanade . The esplanade is raised above the rest of the courtyard ; the vaulted area beneath it would have provided storage and could have acted as stabling and shelter from missiles . Lining the west of the courtyard is the hall of the Knights . Though probably first built in the 12th century , the interior dates from the 13th @-@ century remodelling . The tracery and delicate decoration is a sophisticated example of Gothic architecture , probably dating from the 1230s .",1,1
US lady in foyer - 'Am I not to be tweeting in ?' Fortified by d good &amp; I reply 'I fear no Russian. 'cept my,0,0
"In Warsaw , there were over 70 underground schools , with 2 @,@ 000 teachers and 21 @,@ 000 students . Underground Warsaw University educated 3 @,@ 700 students , issuing 64 masters and 7 doctoral degrees . Warsaw Politechnic under occupation educated 3 @,@ 000 students , issuing 186 engineering degrees , 18 doctoral ones and 16 habilitations . Jagiellonian University issued 468 masters and 62 doctoral degrees , employed over 100 professors and teachers , and served more than 1 @,@ 000 students per year . Throughout Poland , many other universities and institutions of higher education ( of music , theater , arts , and others ) continued their classes throughout the war . Even some academic research was carried out ( for example , by Władysław Tatarkiewicz , a leading Polish philosopher , and Zenon Klemensiewicz , a linguist ) . Nearly 1 @,@ 000 Polish scientists received funds from the Underground State , enabling them to continue their research .",1,1
"Ron Currie Jr. named World War Z one of his favorite apocalyptic novels and praised Brooks for illustrating "" the tacit agreement between writer and reader that is essential to the success of stories about the end of the world ... [ both ] agree to pretend that this is not fiction , that in fact the horrific tales of a war between humans and zombies are based in reality . "" Drew Taylor of the Fairfield County Weekly credited World War Z with making zombies more popular in mainstream society .",1,1
"Karan Malhotra 's action drama Brothers was Fernandez 's next release . Co @-@ starring alongside Akshay Kumar and Sidharth Malhotra , Fernandez played Jenny , a fearless mother struggling for her child , a role which she described as "" challenging "" , "" intense "" , and "" difficult "" . The role marked a departure from the glamorous characters that she had a reputation for portraying . Film critics praised her performance , though their response to the film was mixed . Dhriti Sharma of Zee News called her character "" soft , timid and promising "" , and praised her for : "" convincingly pull [ ing ] off a pleasing character of a street fighter 's wife "" . Film critic Subhash K. Jha noted that she : "" ... in a limited role gives her finest emotive shot "" , while critic Raja Sen remarked : "" [ she ] plays Kumar 's long @-@ sobbing wife who gets so deliriously happy on seeing a text message that it may well have contained news about a Kick sequel . """,1,1
"Does this blow your mind as much as it blew mine, or did I just sexually harass someone?",0,0
shot by black police woman Typical looney toon thinking.,0,0
"The new church had a seating capacity of 700 . In its 110 @-@ foot ( 34 m ) tower was a clock with four six @-@ foot ( 1 @.@ 8 m ) dials , and a peal of three bells , contributed by the citizens of Madison ; beside summoning the parishioners to Mass , these rang the quarter @-@ hours , marking time for the residents of the city and the surrounding rural areas .",1,1
"Stephen is recorded in the Oxford Dictionary of National Biography as a "" suffragette and labour activist "" , and has been described as "" working @-@ class "" .",1,1
grim should find broken Matt hardy because he can delete everything lol,0,0
I'll be there!! Can't wait for all the !,0,0
"When Wheeler was four , his father was appointed chief leader writer for the Bradford Observer . The family relocated to Saltaire , a village northwest of Bradford , a cosmopolitan city in Yorkshire , northeast England , which was then in the midst of the wool trade boom . Wheeler was inspired by the moors surrounding Saltaire and fascinated by the area 's archaeology . He later wrote about discovering a late prehistoric cup @-@ marked stone , searching for lithics on Ilkley Moor , and digging into a barrow on Baildon Moor . Although suffering from ill health , Emily Wheeler taught her two children with the help of a maid up to the age of seven or eight . Mortimer remained emotionally distant from his mother , instead being far closer to his father , whose company he favoured over that of other children . His father had a keen interest in natural history and a love of fishing and shooting , rural pursuits in which he encouraged Mortimer to take part . Robert acquired many books for his son , particularly on the subject of art history , with Wheeler loving to both read and paint .",1,1
4 hoco bc my dream since freshman year awe,0,0
"i swear to god the worst drug is loving someone. physical withdrawals aren't that bad, emotional withdrawals sting a little more",0,0
Donald Trump in the White House,0,1
Worry is a down payment on a problem you may never have'. Joyce Meyer.,0,0
Antimony trioxide ( Sb,1,1
"Saprang noted in an interview that , "" if telecommunication businesses are in private hands , the country won 't be safe . "" The junta had earlier announced plans to cancel the initial public offering of both TOT and CAT Telecom and to merge the two state enterprises .",1,1
"Twenty nine electors were created by Clement XIII , while fifteen by Pope Benedict XIV . Alessandro Albani received the red hat from Innocent XIII , and Neri Maria Corsini from Clement XII .",1,1
if you're unhappy with someone just fucking tell them you're unhappy and leave. Don't go fuckin around with other people on the side,0,0
I've never seen fast &amp; furious Tokyo drift. Boutta watch it,0,0
Layout :,1,0
"The city is notable for having the last known Long Count date on any Maya monument , marking the end of the Classic Maya period in AD 909 .",1,1
Norman Finkelstein at the Internet Movie Database,1,1
"Early style guides for typesetting used a wider space between sentences than between words – "" traditional spacing "" , as shown in the illustration to the right . During the 20th century , style guides commonly mandated two spaces between sentences for typewritten manuscripts , which were used prior to professionally typesetting the work . As computer desktop publishing became commonplace , typewritten manuscripts became less relevant and most style guides stopped making distinctions between manuscripts and final typeset products . In the same period , style guides began changing their guidance on sentence spacing . The 1969 edition of the Chicago Manual of Style used em spaces between sentences in its text ; by the 2003 edition it had changed to single sentence spacing for both manuscript and print . By the 1980s , the United Kingdom 's Hart 's Rules ( 1983 ) had shifted to single sentence spacing . Other style guides followed suit in the 1990s . Soon after the beginning of the 21st century , the majority of style guides had changed to indicate that only one word space was proper between sentences .",1,1
Life long fear of havin a shit and a spider crawls up ya bum,0,0
Thank you disney themed episode for letting me discover how amazing the are!,0,0
"The Importance of Being Earnest , A Trivial Comedy for Serious People is a play by Oscar Wilde . First performed on 14 February 1895 at the St James 's Theatre in London , it is a farcical comedy in which the protagonists maintain fictitious personæ to escape burdensome social obligations . Working within the social conventions of late Victorian London , the play 's major themes are the triviality with which it treats institutions as serious as marriage , and the resulting satire of Victorian ways . Contemporary reviews all praised the play 's humour , though some were cautious about its explicit lack of social messages , while others foresaw the modern consensus that it was the culmination of Wilde 's artistic career so far . Its high farce and witty dialogue have helped make The Importance of Being Earnest Wilde 's most enduringly popular play .",1,1
"Annoys me to about the Ortiz tribute too, how would the Oriole fans and organization feel if Yanks did that to them?",0,0
Dignified Resignation by Louis Amateis,1,0
"He married Juanita Vanoy in September 1989 , and they have two sons , Jeffrey Michael and Marcus James , and a daughter , Jasmine . Jordan and Vanoy filed for divorce on January 4 , 2002 , citing irreconcilable differences , but reconciled shortly thereafter . They again filed for divorce and were granted a final decree of dissolution of marriage on December 29 , 2006 , commenting that the decision was made "" mutually and amicably "" . It is reported that Juanita received a $ 168 million settlement ( equivalent to $ 197 million in 2015 ) , making it the largest celebrity divorce settlement in history at the time on public record .",1,1
and there was I thinking were a party of angry old men - how wrong can you be!,0,0
Watching the NY Phil webcast. Something missing. Reminds me of a blithe Journey's End I once saw on Bway. Might just be the Gershwin.,0,0
"Crane and Kauffman strongly envisioned Friends as an ensemble comedy , and Warner Bros. initially marketed the show as such by having the cast appear in their entirety for all press , interviews and photo shoots . One of few sitcoms at the time to be neither a workplace comedy , family sitcom or star a famous comedian , Elizabeth Kolbert of The New York Times explained that each of the show 's main characters are "" of equal importance . "" As a writer , Crane preferred it this way because "" utilizing six equal players , rather than emphasizing one or two , would allow for myriad story lines . "" Kauffman echoed "" that Friends worked best when the entire ensemble was onstage . "" The only reason Aniston is credited first during the show 's title sequence is because the cast is listed alphabetically . The show 's ensemble format is also believed to have prevented jealous conflicts among the cast . Famously , the Friends cast became the first in television history to negotiate as a group for equal salaries , refusing to work until their demands of $ 100 @,@ 000 per episode were met during season three , which eventually increased to $ 1 million per episode by seasons nine and ten – approximately $ 25 million per year . Alongside Cox and actress Lisa Kudrow , who portrays Phoebe , Aniston became the highest @-@ paid television actress of all time . By then , Aniston had surpassed Cox as the show 's most famous cast member due to having launched an international hair trend with the "" Rachel "" and successfully transitioning into a film career , combined with her high @-@ profile relationship with her then @-@ husband , actor Brad Pitt , who had once guest starred in an episode of the show . At times the producers would use the actress ' popularity to boost the show 's ratings , notably her character 's seventh season kiss with actress Winona Ryder and pregnancy arc . Aniston had been telling the press that the show 's ninth season would be her last , and was initially hesitant to return to Friends to film its tenth and final season . She explained to NBC 's Matt Lauer , "" I wanted it to end when people still loved us and we were on a high . And then I was also feeling like , ‘ How much more of Rachel do I have in me ? ’ ” However , the actress ultimately agreed to complete the tenth season of Friends , which was reduced from 24 to 18 episodes to accommodate Aniston 's busy film schedule .",1,1
"Jordan 's final NBA game was on April 16 , 2003 in Philadelphia . After scoring only 13 points in the game , Jordan went to the bench with 4 minutes and 13 seconds remaining in the third quarter and with his team trailing the Philadelphia 76ers , 75 – 56 . Just after the start of the fourth quarter , the First Union Center crowd began chanting "" We want Mike ! "" . After much encouragement from coach Doug Collins , Jordan finally rose from the bench and re @-@ entered the game , replacing Larry Hughes with 2 : 35 remaining . At 1 : 45 , Jordan was intentionally fouled by the 76ers ' Eric Snow , and stepped to the line to make both free throws . After the second foul shot , the 76ers in @-@ bounded the ball to rookie John Salmons , who in turn was intentionally fouled by Bobby Simmons one second later , stopping time so that Jordan could return to the bench . Jordan received a three @-@ minute standing ovation from his teammates , his opponents , the officials and the crowd of 21 @,@ 257 fans .",1,1
"They want as police state, they are fearful imbeciles..",0,0
"A pessimist sees the difficulty in every opportunity, an optimist sees the opportunity in every difficulty' -Sir Winston Churchill-",0,0
"Shortly after the publication of the book The Case for Israel by Alan Dershowitz , Finkelstein derided it as "" a collection of fraud , falsification , plagiarism , and nonsense "" . During a debate on Democracy Now ! , Finkelstein asserted that Dershowitz lacked knowledge about specific contents of his own book . He also claimed that Dershowitz did not write the book , and may not have even read it .",1,1
Watch this amazing live.ly broadcast by,0,0
"No. 79 Wing was a Royal Australian Air Force ( RAAF ) wing of World War II . It was formed in December 1943 at Batchelor , Northern Territory , as part of North @-@ Western Area Command . Led by Group Captain Charles Eaton , the wing comprised four squadrons on its establishment , flying Beaufort and B @-@ 25 Mitchell bombers and Beaufighter heavy fighters . No. 79 Wing took part in the New Guinea and North @-@ Western Area Campaigns during 1944 – 45 , eventually transferring to Balikpapan in the Dutch East Indies as the Allies advanced northward . By the end of the Pacific War , the wing was attached to the Australian First Tactical Air Force and was made up of Nos. 2 and 18 ( Netherlands East Indies ) Squadrons , both flying Mitchells . The latter transferred to the Netherlands Air Force in late 1945 , while the former returned to Australia where it disbanded the following year . No. 79 Headquarters itself disbanded in October 1945 , soon after the end of hostilities .",1,1
People irritate my MF soul,0,0
"Wheeler had been expecting and openly hoping for war with Nazi Germany for a year prior to the outbreak of hostilities ; he believed that the United Kingdom 's involvement in the conflict would remedy the shame that he thought had been brought upon the country by its signing of the Munich Agreement in September 1938 . Volunteering for the armed services , he was assigned to assemble the 48th Light Anti @-@ Aircraft Battery at Enfield , where he set about recruiting volunteers , including his son . As the 48th swelled in size , it was converted into the 42nd Mobile Light Anti @-@ Aircraft Regiment in the Royal Artillery , which consisted of four batteries and was led by Wheeler – now promoted to the rank of colonel – as Commanding Officer . Given the nickname of "" Flash Alf "" by those serving under him , he was recognised by colleagues as a ruthless disciplinarian and was blamed by many for the death of one of his soldiers from influenza during training . Having been appointed secretary of the Society of Antiquaries in 1939 and then director in 1940 , he travelled to London to deal with society affairs on various occasions . In 1941 Wheeler was awarded a Fellowship of the British Academy . Cole had meanwhile entered into an affair with a man named Clive Entwistle , who lambasted Wheeler as "" that whiskered baboon "" . When Wheeler discovered Entwistle in bed with his wife , he initiated divorce proceedings that were finalised in March 1942 .",1,1
Oh and I play it capo 2nd fret in a G position RS,0,0
"Like other stingrays , the plain maskray is viviparous with the developing embryos sustained to term by histotroph ( "" uterine milk "" ) produced by the mother . Mature females have a single functional ovary and uterus , on the left . Litter size is one or two ; the newborns measure 12 – 14 cm ( 4 @.@ 7 – 5 @.@ 5 in ) across . Males and females reach sexual maturity at disc widths of 20 – 21 cm ( 7 @.@ 9 – 8 @.@ 3 in ) and 18 – 19 cm ( 7 @.@ 1 – 7 @.@ 5 in ) respectively . The maximum lifespan is estimated to be 9 years for males and 13 years for females .",1,1
LordDerply for it. It's like yugioh for animated shows!,0,0
"Stavanger , Norway",1,0
Police don't wanna be called pigs but they keep actin like em....honestly that's even an insult to pigs,0,0
these confident bitches should scare you the most,0,0
"1995 : Image and Reality of the Israel @-@ Palestine Conflict , Verso ; ISBN 1 @-@ 85984 @-@ 442 @-@ 1",1,1
"i hope this comes back to haunt you, then maybe you would know just how it felt to be like me at my lowest",0,0
so you are astounded that I respect blacks to vote like any other human? u talk so down towards them. What bigotry on display!,0,0
So fucking mad my blood boiling.,0,0
"Many characteristics of the Comet type are said to be shown in the Kaimanawa horses today , although the varied gene input has produced a wide range of sizes , colours , and body types among the wild horses . The Kaimanawa breed varies widely in general appearance , with heights ranging between 12 @.@ 2 and 15 hands ( 50 and 60 inches , 127 and 152 cm ) high . Any coat colour or pattern marking is acceptable . They are usually well @-@ muscled . Their feral way of life has given them the ability to adapt quickly and live on very little , and they are usually sure @-@ footed and tough . They have a medium @-@ sized head in good proportion to their body , with wide variation in shape due to the different conformation of their ancestors . Kaimanawa horses have a short , deep neck with a thick throat area , straight shoulders , a deep girth , and a short to medium back . The hindquarters vary from sloping to well @-@ rounded . The legs are long and well @-@ muscled , with strong hooves , and hind hooves that are generally smaller than the front ones . All horses are considered to age a year on the first of August , regardless of their actual foaling date .",1,1
"The monuments of Toniná tend to be smaller than those at other Maya sites , with most of the stelae measuring less than 2 metres ( 6 @.@ 6 ft ) tall . The most important difference from monuments at other Maya sites is that they are carved in the round like statues , often with hieroglyphic text running down the spine . On the fifth terrace , in @-@ the @-@ round sculptures of Toniná 's rulers dominated two @-@ dimensional representations of defeated enemies .",1,1
"stop the presses, said/proposed something racist.",0,0
It's sad when your man leaves work a little bit late and your worst fear is 'Oh no!! Did he get stopped by the police?!?! ',0,0
"I mean, is she supposed to seem joyous when she's talking Rodrigo Duterte, ISIS, the American economy, etc.? Think about what you're saying.",0,0
"During the 1941 collapse of the Kingdom of Yugoslavia under the Axis invasion in the April War , the Independent State of Croatia was created . It was ruled by the extreme nationalist Ustaša regime . The Ustaša quickly started with the systematic persecution of the Jews , modeled after the Nazi Germany approach , and at times even more brutal . Racial laws were introduced , Jewish property was confiscated , and the Jews were subjected to mass arrests and deportations to death camps in Croatia and abroad .",1,1
"Townsend returned to the stage in January 2010 , touring North America with headliner Between the Buried and Me as well as Cynic and Scale the Summit . This was followed by a headlining tour in Australia and a series of high @-@ profile shows in Europe ( for example co @-@ headlining the Brutal Assault festival in Czech Republic ) . He headlined a North American tour with UK label mates TesseracT supporting , which began in October 2010 , and toured in Europe with support from Aeon Zen and Anneke van Giersbergen .",1,1
"The detailed engineering of the design was implemented at Larsen & Toubro 's submarine design center at their Hazira shipbuilding facility . Tata Power SED built the control systems for the submarine . The steam turbines and associated systems integrated with the reactor were supplied by Walchandnagar Industries . The lead vessel underwent a long and extensive process of testing after its launch in July 2009 . The propulsion and power systems were tested with high @-@ pressure steam trials followed by harbor @-@ acceptance trials that included submersion tests by flooding its ballast tanks and controlled dives to limited depths . INS Arihant 's reactor went critical for the first time on 10 August 2013 . On 13 December 2014 , the submarine set off for its extensive sea trials .",1,1
"More recently , IM Hans Berliner , a former World Champion of Correspondence Chess , claimed in his 1999 book The System that 1.d4 gives White a large , and possibly decisive , advantage . Berliner asserted that with best play White wins against the Grünfeld Defense , the Modern Benoni , the Benko Gambit and other ( unnamed ) "" major defences "" , and achieves at least a large advantage in many lines of the Queen 's Gambit Declined . However , he allowed that , "" It is possible that the rules of chess are such that only some number of plausible @-@ appearing defences to 1.d4 can be refuted . "" Berliner wrote that Adams ' "" theories , though looked upon with scorn by most top chess players , made an immediate and lasting impression on me . Weaver W. Adams was the first person I met who actually had theories about how chess should be played . """,1,1
Staff on FR1005. Asked for info and told to look online. You get what you pay for.,0,0
cheering and clapping I assume,0,0
"The arrival of Spanish cardinals Solis and de la Cerda on April 27 strengthened the anti @-@ Jesuit party . They also violated the law of the conclave by establishing regular correspondence with Spanish ambassador Azpuru . The Spaniards had fewer scruples than Bernis and , supported by Cardinal Malvezzi , took the matter into their own hands . They paid attention to the only friar in the Sacred College , Cardinal Lorenzo Ganganelli , O.F.M.Conv. The attitude of Ganganelli towards the Jesuits was a great mystery – he had been educated by the Jesuits and it was said that he received the red hat at the instance of Father Lorenzo Ricci , general of the Society of Jesus , but during the pontificate of Clement XIII he did not engage himself in the defence of the Order . Cardinal Solis began by sounding him out as to his willingness to give the promise required by the Bourbon princes as an indispensable condition for election . Ganganelli answered that "" he recognized in the sovereign pontiff the right to extinguish , with good conscience , the Society of Jesus , provided he observed the canon law ; and that it was desirable that the pope should do everything in his power to satisfy the wishes of the Crowns "" . It is not certain whether it was a written or only an oral promise , but this declaration fully satisfied the ambassadors .",1,1
Thought I had a pretty solid GPA as a kin major and now that I look at the average for dpt programs I feel even more discouraged,0,0
"Norman Gary Finkelstein ( born December 8 , 1953 ) is an American political scientist , activist , professor , and author . His primary fields of research are the Israeli – Palestinian conflict and the politics of the Holocaust , an interest motivated by the experiences of his parents who were Jewish Holocaust survivors . He is a graduate of Binghamton University and received his Ph.D in political science at Princeton University . He has held faculty positions at Brooklyn College , Rutgers University , Hunter College , New York University , and DePaul University where he was an assistant professor from 2001 to 2007 .",1,1
"If you don't respond to an email within 7 fays, you wifl be killed by an animated gif of the girl from The Ring.",0,0
The depth that you've sunk to. You're readership deserves more.,0,0
"The Gloire @-@ class ships were designed as enlarged and improved versions of the Gueydon @-@ class armored cruisers by Emile Bertin . Her crew numbered 612 officers and men . The ship measured 139 @.@ 8 meters ( 458 ft 8 in ) overall , with a beam of 20 @.@ 2 meters ( 66 ft 3 in ) . Sully had a draft of 7 @.@ 7 meters ( 25 ft 3 in ) and displaced 10 @,@ 014 metric tons ( 9 @,@ 856 long tons ) .",1,1
"Every year , UDOT conducts a series of surveys on its highways in the state to measure traffic volume . This is expressed in terms of average annual daily traffic ( AADT ) , a measure of traffic volume for any average day of the year . In 2012 , UDOT calculated that as few as 735 vehicles used the highway on an average day at its western terminus in Cornish , and as many as 2 @,@ 180 vehicles used the highway at its junction with SR @-@ 200 . Thirty @-@ five percent of this was truck traffic .",1,1
"The Land Forces represent the most important component of the Romanian Armed Forces and they are destinated for execution of various military actions , with terrestrial or aeromobile character , in any zone or direction .",1,1
Sorry to burst your bubble but it isn't that century anymore. Welcome to the 21st century.,0,0
I don't think Luca understands how serious I am about Fall....he has no idea what's in store for him,0,0
ethan was with someone in the car when he did his revenge on grayson,0,0
apparently you are to contact me. Sofas were meant to be delivered today. Old ones gone. Sitting on floor. No sofas!,0,0
we have the same age and you're 1000 times more beautiful than me!,0,0
"The wolf is likened to a wicked man who oppresses others . The fox is likened to the devil . The farmer is likened to the godly man , with whom the fiend finds fault . The woods where the wolf was cheated are corrupting goods that man longs to get . The cheese represents covetousness ; the well that contains it is fraud and fantasy , which draws men downwards into hell .",1,1
"Heard 1. time in Germany today , TG finally .. and far far too late. Germany always late w UK artists!!",0,1
Trial result,0,0
"The Soviets quickly Sovietized the annexed lands , introducing compulsory collectivization . They proceeded to confiscate , nationalize and redistribute private and state @-@ owned Polish property . In the process , they banned political parties and public associations and imprisoned or executed their leaders as "" enemies of the people "" . In line with Soviet anti @-@ religious policy , churches and religious organizations were persecuted . On 10 February 1940 , the NKVD unleashed a campaign of terror against "" anti @-@ Soviet "" elements in occupied Poland . The Soviets ' targets included persons who often traveled abroad , persons involved in overseas correspondence , Esperantists , philatelists , Red Cross workers , refugees , smugglers , priests and members of religious congregations , the nobility , landowners , wealthy merchants , bankers , industrialists , and hotel and restaurant owners . Stalin , like Hitler , worked to eliminate Polish society .",1,1
"During the 2011 NBA lockout , The New York Times wrote that Jordan led a group of 10 to 14 hardline owners wanting to cap the players ' share of basketball @-@ related income at 50 percent and as low as 47 . Journalists observed that , during the labor dispute in 1998 , Jordan had told Washington Wizards then @-@ owner Abe Pollin , "" If you can 't make a profit , you should sell your team . "" Jason Whitlock of FoxSports.com called Jordan a "" sellout "" wanting "" current players to pay for his incompetence . "" He cited Jordan 's executive decisions to draft disappointing players Kwame Brown and Adam Morrison .",1,1
That house on isn't in a forest it's in a wibbly wobbly pine plantation,0,0
"Wrapped in Red became a commercial success in the United States . Prior it its release , music commercial analysts predicted that the album would likely sell at least 60 @,@ 000 copies in its first week of release in the region , and foresaw it to be the front @-@ runner as the bestselling holiday release of the season . On the week ending November 16 , 2013 , it debuted on the Billboard 200 chart at number 3 with 70 @,@ 000 copies sold in all retailers , a 93 @,@ 000 decrease from Stronger 's first week sales of 163 @,@ 000 copies in 2011 . Nielsen Music analyst Dave Bakula attributed its low performance to the falling market share of the holiday music in general , which saw 3 @.@ 8 percent decrease in 2012 . The album 's chart debut on the Billboard 200 earned Clarkson her sixth consecutive top three studio album as well as the highest debut for a Christmas record by a female artist since Susan Boyle 's first Christmas album The Gift debuted at the top of the chart in 2010 . Wrapped in Red also debuted three other different charts , most notably at the top of the Billboard Top Holiday Albums chart . On the week ending November 30 , 2013 , by charting at number six on the Billboard 200 , the album became the lone Sony release inside the chart 's top ten , with the others being Universal Music Group releases .",1,1
"The animals, the animals\nTrap trap trap till the cage is full\nThe cage is full, stay awake\nIn the dark, count mistakes",0,0
"The Importance of Being Earnest has been revived many times since its premiere . It has been adapted for the cinema on three occasions . In The Importance of Being Earnest ( 1952 ) , Dame Edith Evans reprised her celebrated interpretation of Lady Bracknell ; The Importance of Being Earnest ( 1992 ) by Kurt Baker used an all @-@ black cast ; and Oliver Parker 's The Importance of Being Earnest ( 2002 ) incorporated some of Wilde 's original material cut during the preparation of the original stage production .",1,1
"Under Saprang 's leadership , 80 @,@ 000 subscribers of Thai Mobile , a TOT / CAT joint venture mobile phone operator , were cut off temporarily in early May 2007 when owners TOT and CAT Telecom failed to pay the bills of a major supplier . Thai Mobile had accumulated significant losses and the company was not able to make its debt payments or supplier payments . The partners had stopped payments to the supplier , Samart Corporation , for nearly a year , until Samart threatened to suspend services within three days . After no payment , it delivered on its threat . TOT was subsequently able to negotiate with Samart to restart the service .",1,1
"Over the field seasons of 1924 and 1925 , Wheeler ran excavations of the Roman fort of Y Gaer near Brecon , a project aided by his wife and two archaeological students , Nowell Myres and Christopher Hawkes . During this project , he was visited by the prominent Egyptologist Sir Flinders Petrie and his wife Hilda Petrie ; Wheeler greatly admired Petrie 's emphasis on strong archaeological methodologies . Wheeler published the results of his excavation in The Roman Fort Near Brecon . He then began excavations at Isca Augusta , a Roman site in Caerleon , where he focused on revealing the Roman amphitheatre . Intent on attracting press attention to both raise public awareness of archaeology and attract new sources of funding , he contacted the press and organised a sponsorship of the excavation by the middle @-@ market newspaper the Daily Mail . In doing so , he emphasised the folkloric and legendary associations that the site had with King Arthur . In 1925 , Oxford University Press published Wheeler 's first book for a general audience , Prehistoric and Roman Wales ; he later expressed the opinion that it was not a good book .",1,1
"Luis Ortiz ducked by Ustinov which means fights off, and he left future not looking to bright for Ortiz",0,1
I saved him after ordering him to risk his life. I didn't panic but stayed calm and rescued him.,0,0
Stoked that the concept of 'label exclusivity' is becoming faux pas. Always believed it held artists back while creating label distrust,0,0
"In January 1844 , North Carolina Representative James Iver McKay , the chairman of the Committee on Ways and Means , solicited the views of Director Patterson on the gold dollar . Patterson had more of Gobrecht 's pattern dollar struck to show to committee members , again advising against a coin that if issued would be only about a half inch ( 13 mm ) in diameter . He told Treasury Secretary John C. Spencer that the only gold coins of that size in commerce , the Spanish and Colombian half @-@ escudos , were unpopular and had not been struck for more than twenty years . This seemed to satisfy the committee as nothing more was done for the time , and when a gold dollar was proposed again in 1846 , McKay 's committee recommended against it .",1,1
you should force your neighbours to pay that! Those people have some nerve!!!,0,0
"Galveston is home to two post @-@ secondary institutions offering traditional degrees in higher education . Galveston College , a junior college that opened in 1967 , and Texas A & M University at Galveston , an ocean @-@ oriented branch campus of Texas A & M University .",1,1
"Other writers conclude that there is a positive correlation between the players ' ratings and White 's score . According to GM Evgeny Sveshnikov , statistics show that White has no advantage over Black in games between beginners , but "" if the players are stronger , White has the lead "" . An analysis of the results of games in ChessBase 's Mega 2003 database between players with similar Elo ratings , commissioned by GM András Adorján , showed that as the players ' ratings went up , the percentage of draws increased , the proportion of decisive games that White won increased , and White 's overall winning percentage increased . For example , taking the highest and lowest of Adorján 's rating categories of 1669 games played by the highest @-@ rated players ( Elo ratings 2700 and above ) , White scored 55 @.@ 7 % overall ( W26.5 D58.4 L15.2 ) , whereas of 34 @,@ 924 games played by the lowest @-@ rated players ( Elo ratings below 2100 ) , White scored 53 @.@ 1 % overall ( W37.0 D32.1 L30.8 ) . Adorján also analyzed the results of games played at the very highest level : World Championship matches . Of 755 games played in 34 matches between 1886 and 1990 , White won 234 ( 31 @.@ 0 % ) , drew 397 ( 52 @.@ 6 % ) , and lost 124 ( 16 @.@ 4 % ) , for a total white winning percentage of 57 @.@ 3 % . In the last five matches in Adorjan 's survey , all between Anatoly Karpov and Garry Kasparov , White won 31 ( 25 @.@ 8 % ) , drew 80 ( 66 @.@ 7 % ) , and lost 9 ( 7 @.@ 5 % ) , for a total white winning percentage of 59 @.@ 2 % .",1,1
""" Payment of taxes , exercising the right to vote and defending one 's country "" .",1,0
When you lose somebody close to your heart you lose yourself as well,0,0
I hate having ideas but being too afraid to share them,0,0
"These interviews scare the crap out of me. I never imagined so many dumb, dumb Americans.",0,0
Looks like a rabid pack of inbreds.,0,0
Benefit out exhilaration called online backing off: JkUVmvQXY,0,0
"On August 10 , 2011 , against the Boston Red Sox , Nathan became the Twins all @-@ time saves leader with 255 , passing Rick Aguilera .",1,1
lol! no mention of pak PM or even his speech on any international news channel and pakis are rejoicing as if the world stands with them,0,0
"Between 1935 and 1939 , the ground hosted five annual Somerset County Cricket Club matches in July or August ; the first of which nearly broke a county record for ticket sales on the gate . Somerset only won one of the five matches , the 1936 contest against Worcestershire .",1,1
"The Seven Sacraments ; baptismal font panels , St. Andrew 's , Croydon",1,0
Feeling worthless as always,0,0
It's weird because I was discussing sex resentment and confusion in the thing I was writing last night.,0,0
That feel when you travel 700 miles to pick up a form that arrives in the post two days after you leave.,0,0
"In 2009 , Del Toso played in the WNWBL finals . In the semifinal between the Dandenong Rangers and the Goudkamp Gladiators , she scored 31 points while pulling down 19 rebounds that saw the Rangers win 81 – 42 . In 2010 , she was named the Dandenong Rangers 's Most Valuable Player . The Rangers won the WNWBL title in 2011 . In a round four game in 2012 , against Sydney Uni Flames that the Rangers won 55 – 44 , she scored 14 rebounds . The Rangers won the league championship again that year .",1,1
"Because this species resembles the earthstar fungi of Geastrum , it was placed in that genus by early authors , starting with Christian Hendrik Persoon in 1801 ( as Geaster , an alternate spelling of Geastrum ) . According to the American botanist Andrew P. Morgan , however , the species differed from those of Geastrum in not having open chambers in the young gleba , having larger and branched capillitium threads , not having a true hymenium , and having larger spores . Accordingly , Morgan set Persoon 's Geaster hygrometricum as the type species of his new genus Astraeus in 1889 . Despite Morgan 's publication , some authorities in the following decades continued to classify the species in Geastrum . The New @-@ Zealand based mycologist Gordon Herriot Cunningham explicitly transferred the species back to the genus Geastrum in 1944 , explaining :",1,1
"The school opened in September 1903 , with two classrooms staffed by two members of the Sisters of the Presentation of Dubuque , Iowa . 66 students were enrolled , including a number of non @-@ Catholics , owing to overcrowding in the public schools . To make more space available , a basement was dug in 1904 . In 1910 , a third classroom was added .",1,1
"Giovanni Costanzio Caracciolo ( September 24 , 1759 ) – Cardinal @-@ Deacon of S. Cesareo in Palatio ; prefect of the Tribunal of the Apostolic Signature of Grace",1,1
I believe women are more fiery because once a month they go through struggle and struggle is what develops a strong character.,0,0
"The Galveston Railway , originally established and named in 1854 as the Galveston Wharf and Cotton Press Company , is a Class III terminal switching railroad that primarily serves the transportation of cargo to and from the Port of Galveston . The railway operates 32 miles ( 51 km ) of yard track at Galveston , over a 50 @-@ acre ( 200 @,@ 000 m2 ) facility . Island Transit , which operates the Galveston Island Trolley manages the city 's public transportation services . Intercity bus service to Galveston was previously operated by Kerrville Bus Company ; following the company 's acquisition by Coach USA , service was operated by Megabus . All regular intercity bus service has been discontinued .",1,1
Reaching out AGAIN in hope to contact over the technical issues I am having. Your CS is severely lacking.,0,0
"Nine , the product of three and three , represents a multitude , so the Egyptians called several large groups "" enneads "" , or sets of nine , even if they had more than nine members . The most prominent ennead was the Ennead of Heliopolis , an extended family of deities descended from the creator god Atum , which incorporates many important gods . The term "" ennead "" was often extended to include all of Egypt 's deities .",1,1
Red heads are more fiery.,0,0
"7 """,1,1
""" Being a good example "" to their children .",1,0
"Hergé biographer Benoît Peeters described the story as a "" rebirth "" for The Adventures of Tintin and described the addition of Haddock as "" a formidable narrative element "" , one which "" profoundly changed the spirit of the series "" . Elsewhere , he asserts that it is Haddock 's appearance which "" makes this book so memorable "" and that he is tempted to define the book by that character 's début . Fellow biographer Pierre Assouline commented that The Crab with the Golden Claws had "" a certain charm "" stemming from its use of "" exoticism and colonial nostalgia , for the French especially , evoking their holdings in North Africa . "" Michael Farr asserted that the arrival of Haddock was the most "" remarkable "" element of the story , offering the series "" tremendous new potential "" . He also thought that the dream sequences reflected the popularity of surrealism at the time , and that the influence of cinema , in particular the films of Alfred Hitchcock , is apparent in the story .",1,1
"The main cave blends Chalukyan architectural features such as massive figures of the divinities , guardians , and square pillars with custom capitals with Gupta artistic characteristics , like the depiction of mountains and clouds and female hairstyles .",1,1
"After the hurricane of 1900 , the city originated the City Commission form of city government ( which became known as the "" Galveston Plan "" ) . The city has since adopted the council @-@ manager form of government . Galveston 's city council serves as the city 's legislative branch , while the city manager works as the chief executive officer , and the municipal court system serves as the city 's judicial branch . The city council and mayor promote ordinances to establish municipal policies . The Galveston City Council consists of six elected positions , each derived from a specified electoral district . Each city council member is elected to a two @-@ year term , while the mayor is elected to a two @-@ year term . The city council appoints the city manager , the city secretary , the city auditor , the city attorney , and the municipal judge . The city 's Tax Collector is determined by the city council and is outsourced to Galveston County . The city manager hires employees , promotes development , presents and administers the budget , and implements city council policies . Joe Jaworski is mayor , having replaced term @-@ limited Lyda Ann Thomas May 2010 . Jaworski is also the grandson of Leon Jaworski , United States Special Prosecutor during the Watergate Scandal in the 1970s .",1,1
"At the same time there was also disagreement among the rebels . The "" left wing "" of the revolutionary movement , represented by Zapata and Orozco ( Villa for the time being tended to support Madero ) , warned against any possible compromises with Díaz . In the end their suspicions proved correct as the treaty that was eventually signed neglected issues of social and agrarian land reform that were central to their struggle .",1,1
"A hereditary risk for AML appears to exist . Multiple cases of AML developing in a family at a rate higher than predicted by chance alone have been reported . Several congenital conditions may increase the risk of leukemia ; the most common is probably Down syndrome , which is associated with a 10- to 18 @-@ fold increase in the risk of AML .",1,1
"Arthur Ransome described The Importance ... as the most trivial of Wilde 's society plays , and the only one that produces "" that peculiar exhilaration of the spirit by which we recognise the beautiful . "" "" It is "" , he wrote , "" precisely because it is consistently trivial that it is not ugly . "" Ellmann says that The Importance of Being Earnest touched on many themes Wilde had been building since the 1880s — the languor of aesthetic poses was well established and Wilde takes it as a starting point for the two protagonists . While Salome , An Ideal Husband and The Picture of Dorian Gray had dwelt on more serious wrongdoing , vice in Earnest is represented by Algy 's craving for cucumber sandwiches . Wilde told Robert Ross that the play 's theme was "" That we should treat all trivial things in life very seriously , and all serious things of life with a sincere and studied triviality . "" The theme is hinted at in the play 's ironic title , and "" earnestness "" is repeatedly alluded to in the dialogue , Algernon says in Act II , "" one has to be serious about something if one is to have any amusement in life "" but goes on to reproach Jack for ' being serious about everything ' "" . Blackmail and corruption had haunted the double lives of Dorian Gray and Sir Robert Chiltern ( in An Ideal Husband ) , but in Earnest the protagonists ' duplicity ( Algernon 's "" bunburying "" and Worthing 's double life as Jack and Ernest ) is undertaken for more innocent purposes — largely to avoid unwelcome social obligations . While much theatre of the time tackled serious social and political issues , Earnest is superficially about nothing at all . It "" refuses to play the game "" of other dramatists of the period , for instance Bernard Shaw , who used their characters to draw audiences to grander ideals .",1,1
ill be there... with VIP TICKETS! Can't wait to meet you. Never met a famous person i admire before!,0,0
The Apocalypse has hit our gym and it's nothing what I thought it would be...\n\nEveryone is wearing vests! What if it's contagious?,0,0
Just had to reverse half way up the woods to collect the dog n I've never even reverse parked in my life,0,0
Biggest 2 ? $vwo,0,0
"The city is also home to a 30 @-@ bed acute burns hospital for children , the Shriners Burns Hospital at Galveston . The Galveston hospital is one of only four in the chain of 22 non @-@ profit Shriners hospitals , that provides acute burns care . Although the Galveston Hospital was damaged by Hurricane Ike , the Shriners national convention held in July 2009 voted to repair and reopen the hospital .",1,1
"Dow ceased operations at its Sarnia site in 2009 . The plant was decommissioned , and the land has been sold to neighbouring TransAlta Energy Corporation . TransAlta produces power and steam for industry , and is the largest natural gas co @-@ generation plant in Canada . It has created the Bluewater Energy Park on the former Dow site . Lanxess produces more than 150 @,@ 000 tonnes ( 170 @,@ 000 short tons ; 150 @,@ 000 long tons ) of butyl rubber annually at its Sarnia location , and is the sole producer of regulatory @-@ approved , food @-@ grade butyl rubber , used in the manufacture of chewing gum . Within the boundaries of its Sarnia plant Lanxess has also created the Bio @-@ industrial Park Sarnia .",1,1
"All of the novel 's storylines concern memory in some sense or another . The most apparent confrontation of memory is on the part of Urania Cabral , who has returned to the Dominican Republic for the first time in 30 years , and is forced to confront her father and the traumas that led her to leave the country at 14 . She was the victim of sexual abuse at the hands of the dictator himself , a sacrifice her father made to try to gain favor with the dictator again , a fact to which she alludes throughout the book , but which is only revealed at the very end : the book concludes with her recounting the memory of that night to her aunt and cousins , who never knew the true reason she left the country . When her aunt is surprised that she remembers all these details , she responds that while she forgets many things , "" I remember everything about that night . "" For Urania , forgetting the atrocities committed by the regime is unacceptable . Her father , on the other hand , is not capable of joining her in this process of remembering , since he has suffered a stroke and is not capable of speaking ; however , Urania is angry that he chose to forget these things while he was still capable of acknowledging them .",1,1
"Many types of ylides can be prepared with various functional groups both on the anionic carbon center and on the sulfur . The substitution pattern can influence the ease of preparation for the reagents ( typically from the sulfonium halide , e.g. trimethylsulfonium iodide ) and overall reaction rate in various ways . The general format for the reagent is shown on the right .",1,1
"Ultimately, wasn't the man they were there to hand an arrest warrant to. That's what we know. That's enough to cause outrage.",0,0
Who the hell is drilling outside my house?! Literally got to sleep at half four after a busy shift and these twats have woken me up,0,0
New play through tonight! Pretty much a blind run. Only played the game once and maybe got 2 levels it.,0,0
"Rachel is the youngest of Friends six main characters . The term "" spoiled "" is often used to describe the character 's personality during her early appearances . Encyclopaedia Britannica describes Rachel as a spoiled and funny character . According to Rachel 's original character description , written by Crane and Kauffman themselves for the show 's pilot , the character is a spoiled yet courageous young woman who "" has worked for none of what she has "" , unlike best friend Monica , and is initially "" equipped to do nothing "" . James Endrst of the Hartford Courant identified her as "" a spoiled rich kid "" , while the Daily News dubbed Rachel an "" endearingly spoiled Daddy 's girl . "" Author Kim Etingoff wrote about Rachel in her book Jennifer Aniston : From Friends to Films that the character is "" spunky and sometimes spoiled "" , while TV Land called her "" naive . "" Citing the differences between Rachel and her two female friends , The Guardian 's Ryan Gilbey observed that the character "" wasn 't insulated by self @-@ regard , like Monica , or swaddled in gormlessness , like Phoebe . "" Frequently identified as fitting the "" girl next door "" archetype , Anne Bilson of The Telegraph described Rachel as "" funny but not too funny , pretty but not too pretty , sexy but not too sexy , scatterbrained but not too scatterbrained . "" TalkTalk 's Dominic Wills described the character as "" smart but ditzy , determined but undisciplined . "" Meanwhile , Liat Kornowski , writing for The Huffington Post , scribed that Rachel is a "" beautiful , coveted , slightly neurotic , borderline egocentric "" character .",1,1
"The factors used in determining how an individual aerodrome is categorised by the GASAR study are based broadly on size and facilities . The six types of aerodrome are described , in size order , as : regional airports ( e.g. East Midlands ) ; major GA airports ( e.g. Oxford ) ; developed GA airfields ( e.g. Andrewsfield ) ; basic GA airfields ( e.g. Rufforth ) ; developed airstrips ( e.g. Tilstock ) ; and basic airstrips ( e.g. Chilbolton in Hampshire ) . The actual criteria used to categorise aerodromes were complex , using 28 different parameters , backed up with a peer review by experienced GA pilots .",1,1
"It take so little to make a child's life joyful, why do we work so hard to make their lives hell? Peace",0,0
"Wheeler was keen to continue archaeological fieldwork outside London , undertaking excavations every year from 1926 to 1939 . After completing his excavation of the Carlaeon amphitheatre in 1928 , he began fieldwork at the Roman settlement and temple in Lydney Park , Gloucestershire , having been invited to do so by the aristocratic landowner , Charles Bathurst . It was during these investigations that Wheeler personally discovered the Lydney Hoard of coinage . Wheeler and his wife jointly published their excavation report in 1932 as Report on the Excavation of the Prehistoric , Roman and Post @-@ Roman Site in Lydney Park , Gloucestershire , which Piggott noted had "" set the pattern "" for all Wheeler 's future excavation reports .",1,1
"With the 1960s came the expansion of higher education in Galveston . Already home to the University of Texas Medical Branch , the city got a boost in 1962 with the creation of the Texas Maritime Academy , predecessor of Texas A & M University at Galveston ; and by 1967 a community college , Galveston College , had been established .",1,1
"Galveston is the seat and second @-@ largest city ( after League City , Texas ) of Galveston County in population . The Galveston County Justice Center , which houses all the county 's judicial functions as well as jail , is located on 59th street . The Galveston County Administrative Courthouse , the seat of civil and administrative functions , is located near the city 's downtown . Galveston is within the County Precinct 1 ; as of 2008 Patrick Doyle serves as the Commissioner of Precinct 1 . The Galveston County Sheriff 's Office operates its law enforcement headquarters and jail from the Justice Center . The Galveston County Department of Parks and Senior Services operates the Galveston Community Center . Galveston is located in District 23 of the Texas House of Representatives . As of 2008 , Craig Eiland represents the district . Most of Galveston is within District 17 of the Texas Senate ; as of 2008 Joan Huffman represents the district . A portion of Galveston is within District 11 of the Texas Senate ; as of 2008 Mike Jackson represents the district . Galveston is in Texas 's 14th congressional district and is represented by Republican Randy Weber as of 2012 .",1,1
"Jordan was born in Brooklyn , New York , the son of Deloris ( née Peoples ) , who worked in banking , and James R. Jordan , Sr. , an equipment supervisor . His family moved to Wilmington , North Carolina , when he was a toddler .",1,1
. West End Girls ( Kicking in Chairs ),1,1
"The submarines have four launch tubes in their hump and can carry up to 12 K @-@ 15 Sagarika missiles with one warhead each ( with a range of 750 km or 470 mi ) or 4 K @-@ 4 missiles ( with a range of 3 @,@ 500 km or 2 @,@ 200 mi ) . The submarines are similar to the Akula @-@ class submarine of Russia . The Indian Navy will train on INS Chakra , an Akula @-@ class submarine leased from Russia in 2012 .",1,1
"In gathering inspirations for Wrapped in Red , Clarkson started by listening to Bing Crosby 's and Rosemary Clooney 's soundtracks from the 1954 feature film White Christmas as well as Mariah Carey 's Merry Christmas ( 1994 ) and Merry Christmas to You ( 1997 ) by Reba McEntire . While Kurstin , who used to play in a jazz band , took influences from A Charlie Brown Christmas by the Vince Guaraldi Trio and A Christmas Gift for You by Phil Spector as his inspirations , which resulted to the album 's Wall of Sound resonance . Clarkson also cited that her relationship with her then @-@ fiancé Brandon Blackstock had inspired some of the album 's lyrical content .",1,1
"On May 17 , 2016 , Nathan signed with the Chicago Cubs . He was immediately placed on the 60 @-@ day disabled list upon signing to continue recovery from his previous Tommy John surgery . Nathan made his Cubs debut on July 24 , 2016 against the Milwaukee Brewers . He pitched one inning and struck out the side , allowing one hit and one walk .",1,1
"On November 10 , 2003 , Beyoncé performed at the Wembley Arena in London ; this was later put on a DVD , titled Live at Wembley , which was released in April 2004 . It was accompanied by a CD comprising three previously @-@ unreleased studio recorded songs and one remix each of "" Crazy in Love "" , "" Baby Boy "" and "" Naughty Girl "" . Behind @-@ the @-@ scenes footage can be also seen on the DVD . The album debuted at number seventeen on the Billboard 200 , selling 45 @,@ 000 copies in its first week . The DVD has been certified double platinum by the Recording Industry Association of America for shipping 200 @,@ 000 copies . According to Nielsen SoundScan , it had sold 264 @,@ 000 copies in the US by October 2007 , while as at October 6 , 2010 , it had sold 197 @,@ 000 digital downloads . In an interview with The New York Times in 2007 , American singer Miranda Lambert revealed that Live at Wembley inspired her to "" take little bits from that [ Beyoncé ' performance ] "" for her live shows .",1,1
"Egyptian writings describe the gods ' bodies in detail . They are made of precious materials ; their flesh is gold , their bones are silver , and their hair is lapis lazuli . They give off a scent that the Egyptians likened to the incense used in rituals . Some texts give precise descriptions of particular deities , including their height and eye color . Yet these characteristics are not fixed ; in myths , gods change their appearances to suit their own purposes . Egyptian texts often refer to deities ' true , underlying forms as "" mysterious "" . The Egyptians ' visual representations of their gods are therefore not literal . They symbolize specific aspects of each deity 's character , functioning much like the ideograms in hieroglyphic writing . For this reason , the funerary god Anubis is commonly shown in Egyptian art as a dog or jackal , a creature whose scavenging habits threaten the preservation of buried mummies , in an effort to counter this threat and employ it for protection . His black coloring alludes to the color of mummified flesh and to the fertile black soil that Egyptians saw as a symbol of resurrection .",1,1
"The first commandment , according to Church teaching , "" means that [ followers ] must worship and adore God alone because God is alone . "" The Catechism explains that this prohibits idolatry , providing examples of forbidden practices such as the worship of any creature , and of "" ' demons ... power , pleasure , race , ancestors , the state [ and ] money ' "" . Augustine interpreted this commandment as "" Love God and then do what you will "" . Explaining this sentiment , Kreeft states that all sin "" serves some other god , obeys another commander : the world or the flesh or the devil "" , if God truly be loved then one will do what God wills .",1,1
"Galveston Artist Residency ( GAR ) grants studio space , living space and a stipend to three visual artists each year . Resident artists work in a variety of mediums and exhibit their work in the GAR Gallery and Courtyards . Located in renovated industrial structures on the west side of downtown , GAR also hosts performances and other public events .",1,1
"In 1997 , the Museum of Science and Natural History merged with the Little Rock Children 's Museum , which had been located in Union Station , to form the Arkansas Museum of Discovery . The new museum was relocated to a historic building in the Little Rock River Market District . The MacArthur Museum of Arkansas Military History opened on May 19 , 2001 in the Tower Building . The new museum 's goal is to educate and inform visitors about the military history of Arkansas , preserve the Tower Building , honor servicemen and servicewomen of the United States and commemorate the birthplace of Douglas MacArthur .",1,1
"Anderson frequently collaborates with many actors and crew , carrying them over from film to film . Anderson has referred to his regular actors as "" my little rep company "" that has included John C. Reilly , Philip Baker Hall , Julianne Moore , William H. Macy , Melora Walters , and most prominently , the late Philip Seymour Hoffman . Luis Guzmán is also considered an Anderson regular . Hoffman acted in Anderson 's first four films as well as The Master . Except for Paul F. Tompkins , Kevin Breznahan , and Jim Meskimen , who all had equally minor roles in Magnolia , There Will Be Blood had an entirely new cast . Robert Elswit has been cinematographer for all of Anderson 's films except The Master which was shot by Mihai Mălaimare Jr . Jon Brion served as composer for Hard Eight , Magnolia , and Punch @-@ Drunk Love , and Jonny Greenwood of Radiohead for There Will Be Blood , The Master , and Inherent Vice . Anderson also regularly works with producing partners JoAnne Sellar , Scott Rudin , Michael De Luca , and Daniel Lupi as well as casting director Cassandra Kulukundis .",1,1
"In the past few years , lots of training exercises took place in Romania with other Balkan or Allied countries . Most of these exercises took place at Babadag , which is one of the largest and most modern training firing ranges and military facilities in Europe , with a total surface area of 270 square kilometres . It was announced on December 6 , 2006 that 1 @,@ 500 U.S. troops stationed at Mihail Kogălniceanu , which in time will form Joint Task Force East , will be using Babadag as a training base .",1,1
"Wrapped in Red debuted on the Billboard 200 chart at number 3 and topped the Billboard Top Holiday Albums chart with 70 @,@ 000 copies sold in its first week of release . For nine consecutive weeks , Wrapped in Red stayed on the top ten of both charts and was certified platinum by the Recording Industry Association of America and Music Canada . By the end of 2013 , it became the year 's best @-@ selling Christmas release in the United States and the second best @-@ selling Christmas release in Canada . Its lead single "" Underneath the Tree "" became an international top forty Christmas hit song and was radio 's most @-@ played new holiday song of 2013 . In promoting Wrapped in Red , she appeared in red dresses on various televised appearances ; and filmed an accompanying television special , Kelly Clarkson 's Cautionary Christmas Music Tale , at The Venetian Las Vegas , which premiered on NBC on December 11 , 2013 . In 2014 , Clarkson released the title track as the second single and hosted an annual Christmas benefit concert , Miracle on Broadway , at the Bridgestone Arena on December 20 , 2014 .",1,1
"The panel carving in the west niche opposite Yogishvara depicts Shiva as Nataraja performing the Tandava ( cosmic dance ) . The niche is 4 m ( 13 ft ) wide and 3 @.@ 4 m ( 11 ft ) high and set low on the wall . He wears well @-@ decorated headgear . The Shiva image displays a dance pose and had ten arms , but the first right and third left hands are missing . The remaining first right arm is held across the breast and touches the left side , the second right hand that is seen damaged with an out @-@ flaying pose is broken at the elbow . The third arm is damaged at the elbow , and the fourth is also broken but inferred to have held a Khatvanga ( skull @-@ club ) . The left arms , seen hanging , are damaged near the wrists . The third hand is bent ( but broken ) towards Parvati standing on the side and the fourth hand is raised up . The right thigh ( broken ) is lifted up , and the left leg is not seen at all , the elaborate armlets are well @-@ preserved and a skirt round the waist is tied by a ribbon . A tall figurine of Parvati stands to the left of Shiva , which is also seen partly broken but well bejewelled . An airborne female figure is seen behind Parvati . Other figures seen in the relief are : Vishnu riding a Garuda ; Indra riding his elephant ; the elephant @-@ headed Ganesha ; Kartikeya ; Bhrngi ; sages and attendants .",1,1
"The diagnosis and classification of AML can be challenging , and should be performed by a qualified hematopathologist or hematologist . In straightforward cases , the presence of certain morphologic features ( such as Auer rods ) or specific flow cytometry results can distinguish AML from other leukemias ; however , in the absence of such features , diagnosis may be more difficult .",1,1
"Prior to World War II , the Royal Australian Air Force was small enough for all its elements to be directly controlled by RAAF Headquarters in Melbourne . After war broke out in September 1939 , the RAAF began to implement a decentralised form of command , commensurate with expected increases in manpower and units . Its initial move in this direction was to create Nos. 1 and 2 Groups to control units in Victoria and New South Wales , respectively . Then , between March 1940 and May 1941 , the RAAF divided Australia and New Guinea into four geographically based command @-@ and @-@ control zones : Central Area , Southern Area , Western Area , and Northern Area . The roles of these area commands were air defence , protection of adjacent sea lanes , and aerial reconnaissance . Each was led by an Air Officer Commanding ( AOC ) responsible for the administration and operations of all air bases and units within his boundary .",1,1
I feel like I am drowning.,0,0
"Financial performance continued to spiral downwards in the 3rd quarter of 2007 . Net profit for the period ending June fell by 84 % from a year before , despite higher traffic and a 17 @.@ 9 % increase in revenue . The fall in profit was attributed to AoT 's court case against King Power , the operator of duty @-@ free shops within Suvarnabhumi Airport . King Power 's concession was suspended while the case was in court , forcing AOT to stop reporting earnings from the concessionaire .",1,1
N-no. Because of your wrath.,0,0
"Lmboo , using my nephew for meme",0,0
"Canada Steamship Lines formed in 1913 from many previous companies that plied the waters of the St. Clair River . One of these companies was Northwest Transportation Company of Sarnia , which was founded in 1870 . By 20 April 1914 , when the residents passed Act to Incorporate the City of Sarnia , the population had grown to 10 @,@ 985 in six wards . Sarnia officially became a city as of 7 May 1914 .",1,1
I watch Amyah throw temper tantrums when she gets mad at something and I'm just like damnit that is me and I can't do nothing but laugh,0,0
It feel like we lost a family member,0,0
"In 1991 , a second animated series based upon The Adventures of Tintin was produced , this time as a collaboration between the French studio Ellipse and the Canadian animation company Nelvana . Adapting 21 of the stories into a series of episodes , each 42 minutes long , with most stories spanning two episodes , The Crab with the Golden Claws was the seventh story produced in the series . Directed by Stéphane Bernasconi , critics have praised the series for being "" generally faithful "" , with compositions having been actually directly taken from the panels in the original comic book .",1,1
"Ross was born January 13 , 1885 , in Naughton , Ontario . His father , Thomas Barnston Ross , was the head of a Hudson 's Bay Company trading post in the area . The ninth of ten children , Ross grew up speaking both English and Ojibwe , a native Canadian language . Ross moved to Montreal in 1902 to play in organized hockey leagues , living in the affluent Westmount district . He played high school and junior hockey with Lester and Frank Patrick , both of whom were later inducted into the Hockey Hall of Fame . Ross and Lester had a financially successful ticket resale business at the Montreal Arena , buying tickets for thirty @-@ five cents and selling them for up to a dollar .",1,1
Get to work and there's a fire drill.,0,0
An kind of drive home from work today,0,0
Peter Corriston – cover design,1,1
"Sir Lloyd William Mathews , GCMG , CB ( 7 March 1850 – 11 October 1901 ) was a British naval officer , politician and abolitionist . Mathews joined the Royal Navy as a cadet at the age of 13 and progressed through the ranks to lieutenant . He was involved with the Third Anglo @-@ Ashanti War of 1873 – 4 , afterwards being stationed in East Africa for the suppression of the slave trade . In 1877 he was seconded from the navy to Sultan Barghash of Zanzibar in order to form a European @-@ style army ; he would remain in the employment of the government of Zanzibar for the rest of his life . His army quickly reached 6 @,@ 300 men and was used in several expeditions to suppress the slave trade and rebellions against the Zanzibar government .",1,1
I know guys that sink $1000s into the game and only to build a team and play solos. But this hear you make nothing on solos.,0,0
all the optimism...,0,0
"Jorge deserves it, honestly. He's weak.",0,0
"In the 1996 – 97 season , the Bulls started out 69 – 11 , but missed out on a second consecutive 70 @-@ win season by losing their final two games to finish 69 – 13 . However , this year Jordan was beaten for the NBA MVP Award by Karl Malone . The Bulls again advanced to the Finals , where they faced Malone and the Utah Jazz . The series against the Jazz featured two of the more memorable clutch moments of Jordan 's career . He won Game 1 for the Bulls with a buzzer @-@ beating jump shot . In Game 5 , with the series tied at 2 , Jordan played despite being feverish and dehydrated from a stomach virus . In what is known as the "" Flu Game "" , Jordan scored 38 points , including the game @-@ deciding 3 @-@ pointer with 25 seconds remaining . The Bulls won 90 – 88 and went on to win the series in six games . For the fifth time in as many Finals appearances , Jordan received the Finals MVP award . During the 1997 NBA All @-@ Star Game , Jordan posted the first triple double in All @-@ Star Game history in a victorious effort ; however , he did not receive the MVP award .",1,1
The treaty was signed on May 21 . Díaz resigned accordingly on May 25 . Francisco de la Barra became the interim president . Madero entered Mexico City on June 7 .,1,1
"but be a little playful. \n\nHe hesitantly pulls away, just enough so he could get words out, lips brushing against",0,0
"hi lovely brownie, MM is calling me tuppytupperware.. its awful",0,0
Michael Carrick should start every game for United and England,0,0
"Veracruz , Mexico",1,0
If i could just get my line to block!,0,0
"Initial critical reviews of Sholay were negative . Among contemporary critics , K.L. Amladi of India Today called the film a "" dead ember "" and "" a gravely flawed attempt "" . Filmfare said that the film was an unsuccessful mincing of Western style with Indian milieu , making it an "" imitation western — neither here nor there . "" Others labelled it as "" sound and fury signifying nothing "" and a "" second @-@ rate take @-@ off "" of the 1971 film Mera Gaon Mera Desh . Trade journals and columnists initially called the film a flop . In a 1976 article in the journal Studies : An Irish Quarterly Review , author Michael Gallagher praised the technical achievement of the film , but otherwise criticised it stating , "" As a spectacle it breaks new ground , but on every other level it is intolerable : formless , incoherent , superficial in human image , and a somewhat nasty piece of violence "" .",1,1
"The soldiers would be allowed to march away as men leaving under orders , not as conquered and surrendering soldiers .",1,0
don't get me started on town centre. Used to go every week.... not been for 18 months,0,0
Panpiper playing Big River outside The Bridges in SR1,0,0
"Everywhere I go, the air I breathe in tastes like home.' -",0,0
"As with previous Valkyira Chronicles games , Valkyria Chronicles III is a tactical role @-@ playing game where players take control of a military unit and take part in missions against enemy forces . Stories are told through comic book @-@ like panels with animated character portraits , with characters speaking partially through voiced speech bubbles and partially through unvoiced text . The player progresses through a series of linear missions , gradually unlocked as maps that can be freely scanned through and replayed as they are unlocked . The route to each story location on the map varies depending on an individual player 's approach : when one option is selected , the other is sealed off to the player . Outside missions , the player characters rest in a camp , where units can be customized and character growth occurs . Alongside the main story missions are character @-@ specific sub missions relating to different squad members . After the game 's completion , additional episodes are unlocked , some of them having a higher difficulty than those found in the rest of the game . There are also love simulation elements related to the game 's two main heroines , although they take a very minor role .",1,1
Galveston contains one of the largest and historically significant collections of 19th @-@ century buildings in the United States . Galveston 's architectural preservation and revitalization efforts over several decades have earned national recognition .,1,0
"In different eras , various gods were said to hold the highest position in divine society , including the solar deity Ra , the mysterious god Amun , and the mother goddess Isis . The highest deity was usually credited with the creation of the world and often connected with the life @-@ giving power of the sun . Some scholars have argued , based in part on Egyptian writings , that the Egyptians came to recognize a single divine power that lay behind all things and was present in all the other deities . Yet they never abandoned their original polytheistic view of the world , except possibly during the era of Atenism in the 14th century BC , when official religion focused exclusively on the impersonal sun god Aten .",1,1
Hereford United,1,0
"The fourth stage involved remedying the problem of communicating between the two towers during the time of Pope Pius X. His plans were to make the Gregorian Tower into a historical tower and to record and carry out observations at the second tower by linking the two towers along the fortified wall with a 83 metres ( 272 ft ) iron bridge spanning the gap . At the west end of this bridge , a four @-@ inch equatorial was installed on semicircular bastion . The east end of the bridge , above the barracks of the gendarmes , had a heliograph , with a camera attached , used to photograph the Sun ( photoheliograph ) . A new 16 @-@ inch visual telescope , called Torre Pio X , was erected in the second tower . As a result of these modifications , the original library was moved to the Pontifical Academy Lincei , and the old meteorological and seismic instruments were shifted to the Valle di Pompei observatory . The new Astronomical Library was housed in two rooms of the building . The two new Repsold machines were used for recording on the astrographic plates . The recorded observations were published along with explanatory notes together with the last two series of the atlas of stars . Charts were printed on silver bromide paper .",1,1
""" Love Me Like You "" is a song recorded by British girl group Little Mix for their third studio album , Get Weird ( 2015 ) . The song was released on 25 September 2015 , as the second single from the album . Produced by Steve Mac , he co @-@ wrote the song with Iain James , Camille Purcell and James Newman . Backed by an instrumental of pianos , bells , sax and percussion , the song is a down @-@ tempo retro homage to doo @-@ wop , with lyrics about puppy love . Its composition was compared by several critics to Motown artists of the 1950s and 1960s , namely The Ronettes , The Supremes and Shadow Morton .",1,1
average 22000 for the massif...,0,0
please put a left turn signal at Williams and Ivan Allen Jr Blvd. This is absolutely ridiculous,0,0
"For some time , China has been the largest producer of antimony and its compounds , with most production coming from the Xikuangshan Mine in Hunan . The industrial methods to produce antimony are roasting and reduction using carbon or direct reduction of stibnite with iron .",1,1
"Fey 's projects after 2008 include a voice role in the English @-@ language version of the Japanese animated film Ponyo . In 2009 , she appeared in The Invention of Lying , alongside Ricky Gervais , Jennifer Garner , Rob Lowe , and Christopher Guest . Her next film role was in Shawn Levy 's 2010 comedy Date Night , a feature that focuses on a married couple , played by Fey and Steve Carell , who go on a date ; however , the night goes awry for the two . Also in the same year , she voiced Roxanne Ritchie , a television reporter , in the DreamWorks animated film Megamind ( 2010 ) . With a total worldwide gross of US $ 321 million , Megamind is Fey 's most commercially successful picture to date . It earned US $ 173 million outside the U.S. and US $ 148 million domestically .",1,1
\n sounds great !\ndream by the top album 'One Love' by hero :D,0,0
I you on DWTS You make my night every show!,0,0
i was angry.,0,0
"Of Human Feelings explores jazz @-@ funk music and continues Coleman 's harmolodic approach to improvisation with Prime Time , whom he introduced on his 1975 album Dancing in Your Head . He drew on rhythm and blues influences from early in his career for Of Human Feelings , which had shorter and more distinct compositions than Dancing in Your Head . Coleman also applied free jazz principles from his music during the 1960s to elements of funk .",1,1
""" Preleukemic "" blood disorders , such as myelodysplastic syndrome ( MDS ) or myeloproliferative disease ( MPS ) , can evolve into AML ; the exact risk depends on the type of MDS / MPS .",1,1
looking forward to div 2 next year,0,0
"With the signing of the first Treaty of Fort Stanwix in 1768 , the British gained control from the Iroquois of lands south of the West Branch . However , white settlers continued to appropriate land , including tracts in and near the future site of Lock Haven , not covered by the treaty . In 1769 , Cleary Campbell , the first white settler in the area , built a log cabin near the present site of Lock Haven University of Pennsylvania , and by 1773 William Reed , another settler , had built a cabin surrounded by a stockade and called it Reed 's Fort . It was the westernmost of 11 mostly primitive forts along the West Branch ; Fort Augusta , at what is now Sunbury , was the easternmost and most defensible . In response to settler incursions , and encouraged by the British during the American Revolution ( 1775 – 83 ) , Indians attacked colonists and their settlements along the West Branch . Fort Reed and the other white settlements in the area were temporarily abandoned in 1778 during a general evacuation known as the Big Runaway . Hundreds of people fled along the river to Fort Augusta , about 50 miles ( 80 km ) from Fort Reed ; some did not return for five years . In 1784 , the second Treaty of Fort Stanwix , between the Iroquois and the United States , transferred most of the remaining Indian territory in Pennsylvania , including what would become Lock Haven , to the state . The U.S. acquired the last remaining tract , the Erie Triangle , through a separate treaty and sold it to Pennsylvania in 1792 .",1,1
"The castle sits atop a 650 @-@ metre @-@ high ( 2 @,@ 130 ft ) hill east of Tartus , Syria , in the Homs Gap . On the other side of the gap , 27 kilometres ( 17 mi ) away , was the 12th @-@ century Gibelacar Castle . The route through the strategically important Homs Gap connects the cities of Tripoli and Homs . To the north of the castle lies the Jebel Ansariyah , and to the south Lebanon . The surrounding area is fertile , benefiting from streams and abundant rainfall . Compared to the Kingdom of Jerusalem , the other Crusader states had less land suitable for farming ; however , the limestone peaks of Tripoli were well @-@ suited to defensive sites .",1,1
Don't be silly - she doesn't want to scare them off!,0,0
Might just leave and aggravate bae,0,0
He also accused Thaksin of spying on the military while he was Prime Minister .,1,0
Maybe the entire Russian team will test positive for meldonium and the North Americans will get to replace them,0,0
"In the 1960s , The Crab with the Golden Claws , along with King Ottokar 's Sceptre , became the first Tintin adventures published in the United States , in Little Golden Books . However , Casterman , working with the American publisher Western Publishing , made a number of changes : Jumbo , the sailor who Tintin leaves bound and gagged in Captain Haddock 's cabin , as well as another man who beats Haddock in the cellar , could not be black Africans as depicted in the original ; these were changed to a white sailor and an Arab due to the American publisher 's concerns depicting blacks and whites mixing together . The accompanying text was not changed , however , and Haddock still refers to the man who beat him as a "" Negro "" . Also by request of the Americans , scenes of Haddock drinking directly from bottles of whiskey on the lifeboat and the plane were blanked out , keeping only the text . The edited albums later had their blanked areas redrawn by Hergé to be more acceptable , and they appear this way in published editions around the world . Casterman republished the original black @-@ and @-@ white version of the story in 1980 , as part of the fourth volume in their Archives Hergé collection . In 1989 , they then published a facsimile version of that first edition .",1,1
"The church 's north and south walls are supported by a series of buttresses . Seven windows run along each wall . A line of brick corbels runs along the walls below the eaves . Near the east end of the church , a short transept extends a short distance outward . At the church 's east end , beyond the transept , is a semicircular apse with a conical roof , topped with a six @-@ paned conical skylight .",1,1
"Because of his association with these outlaws , Zhou is often confused with the similarly named outlaw "" Little Conqueror "" Zhou Tong . In the Water Margin , this Zhou Tong is a bandit chief of Mount Peach Blossom whom Lu Zhishen beats for trying to forcibly marry the daughter of the Liu family . He dies later under the sword of Li Tianrun , an officer in the rebel army of Fang La . So , the connection between both Zhou 's is based solely on the romanized transcription of their name .",1,1
"Endgame tablebases have solved a very limited area of chess , determining perfect play in a number of endgames , including all non @-@ trivial endgames with no more than six pieces or pawns ( including the two kings ) . Seven @-@ piece endgames were solved in 2012 and released as "" Lomonosov tablebases "" .",1,1
"Other audio recordings include a "" Theatre Masterworks "" version from 1953 , directed and narrated by Margaret Webster , with a cast including Maurice Evans , Lucile Watson and Mildred Natwick ; a 1989 version by California Artists Radio Theatre , featuring Dan O 'Herlihy Jeanette Nolan , Les Tremayne and Richard Erdman ; and one by L.A. Theatre Works issued in 2009 , featuring Charles Busch , James Marsters and Andrea Bowen .",1,1
"Two decades later , statistician Arthur M. Stevens concluded in The Blue Book of Charts to Winning Chess , based on a survey of 56 @,@ 972 master games that he completed in 1967 , that White scores 59 @.@ 1 % . However , Stevens assembled his games from those that had been published in chess magazines , rather than complete collections of all the games played in particular events .",1,1
On the drive home today I heard a censored version of Spirits by The Strumbellas. 'Guns' replaced with 'dreams'. Just NO.,0,0
whenever i pout i just want Adrian to appear and tell me to stop pouting or else,0,0
"Recording sessions of the basic instrumental tracks for Wrapped in Red took place in Kurstin 's Echo Studio in Los Angeles while orchestral sessions were recorded at EastWest Studios in Hollywood and featured vocals recorded in The Barn studio in Nashville . In recording tracks for the album , Clarkson and Kurstin wanted to showcase as many different styles as they could by experimenting in various sounds and styles to create fresh , contemporary sound to classic @-@ sounding music . He recalled , "" It was a lot of fun for us because we got to go back to our roots . When Kelly started singing , it was clear she had the chops and had been trained to do anything . "" Further adding , "" We really experimented . It was so much fun and liberating . And it pays off . "" Kurstin , who studied with jazz musician Jaki Byard at The New School for Jazz and Contemporary Music , recruited various jazz and soul musicians such as James Gadson , Kevin Dukes , Roy McCurdy , and Bill Withers to perform on the record to resonate a Memphis soul sound . He also collaborated with Joseph Trapanese to arrange and conduct a chamber orchestra .",1,1
"The earthen mound that once covered the tomb is now visible only as an undulation approximately 1 foot , 6 inches in height . In the nineteenth @-@ century , the mound was higher on the western end of the tomb , although this was removed by excavation to reveal the sarsens beneath during the 1920s . It is likely that in the Early Neolithic , the mound had a quarry ditch surrounding it , and it is inside this ditch that the kerb @-@ stones now sit .",1,1
i is sad,0,0
Home is where the heart lies ! Love my little island but my birth city just ain't acting right &amp; im not feeling too good about it,0,0
wow!! My bill is 44.77 and hav a text from u to prove that and you have taken 148!!!!! !,0,0
"Finkelstein 's books are an attempt to examine the works of mainstream scholarship . The authors whose work he has thus targeted , including Daniel Jonah Goldhagen and Dershowitz , along with others such as Benny Morris whose work Finkelstein has also cited in his scholarship , have in turn accused Finkelstein of grossly misrepresenting their work , and selectively quoting from their books .",1,1
"In peacetime , the commander of the land forces is the minister of defense , while in wartime , the President of Romania becomes the supreme commander of the armed forces . The main combat formations of Romania are the 2nd Infantry Division Getica , and the 4th Infantry Division Gemina . Until 2015 the Romanian land forces fielded a third division , namely the 1st Division Dacia . Before June 2008 , the 1st and 4th divisions were known as the 1st Territorial Army Corps and the 4th Territorial Army Corps and in turn they used to be called the 1st Army and 4th Army prior to 2000 . However due to their personnel having been reduced considerably in order to reach compatibility with NATO standards they were renamed and reorganized as divisions . In 2010 , the Joint HQ command was renamed as 2nd Infantry Division Getica and received units from the 1st and the 4th Infantry divisions .",1,1
"The point of living, and being an optimist, is to be foolish enough to believe the best is yet to come' - Peter Ustinov",0,0
Watch this amazing live.ly broadcast by,0,0
"Loose is the third studio album by Canadian singer and songwriter Nelly Furtado , released on 6 June 2006 by Geffen Records and the Mosley Music Group . Following the release of Furtado 's second album , Folklore ( 2003 ) through DreamWorks Records , it was announced that Universal Music Group would acquire DreamWorks Records , the later was folded into the Interscope Geffen A & M umbrella where Furtado would release any new music . Timbaland and his protégé Danja produced the bulk of the album , which incorporates influences of dance , R & B and hip hop . The album explores the theme of female sexuality and has been described as introspective or even sad in parts .",1,1
Players listed with no appearances have been in the matchday squad but only as unused substitutes .,1,0
"Zhou is born in Shaanxi and trains in the martial arts from a young age . He is taken as one of the pupils of Shaolin master Tan Zhengfang ( 谭正芳 ) and , learning the true essence of Shaolin Kungfu , becomes proficient in things both literary and martial . Tan 's other students include the future generals Jin Tai ( 金台 ) and Zong Ze ( 宗澤 ) and the future Water Margin outlaws Sun Li and Luan Tingyu . As a young man , Zhou catches the attention of Judge Bao Zheng and enlists in the military as an officer . His superiors take note of his great skill after he helps his classmate General Jin battle Liao Tartars in northern China and install him as a teacher in the Capital Imperial Martial Arts School . The school has three teaching positions named in order of prestige : "" Heaven , "" "" Earth , "" and "" Man . "" Since he has the greatest skill , he occupies the Heaven position . He uses this post and his friendship with General Zong to get their classmate Sun Li installed as the Superintendent of Forces of Dengzhou . Sun later becomes an outlaw under Chao Gai and helps defeat the evil Zhu Family , who learn military arts from his classmate Luan Tingyu .",1,1
"United States Environmental Protection Agency , Health Canada and the Ontario Ministry of Environment : 6 µg / L",1,1
"In 2014 , Fernandez appeared in Sajid Nadiadwala 's directorial debut — the action film Kick , a remake of a 2009 Telugu film of same name . She starred opposite Salman Khan , playing Shaina , a psychiatry student . She retained her real voice for the first time in Kick . While Sneha May Francis commented that she is : "" incredibly dazzling , and moves like a magic "" , Raja Sen of Rediff.com was more critical of her dialogue delivery , calling it "" unfortunate . "" The film received mixed reviews from critics , but with worldwide revenue of over ₹ 3 @.@ 75 billion ( US $ 56 million ) , it became the fourth highest @-@ grossing Bollywood film . The film established Fernandez as one of the most popular Bollywood actresses .",1,1
Just told me wife there was a chance it would be 2 Sydney teams in AFL grand final. Her response: 'there's two SYDNEY AFL teams?',0,0
Back in Cardiff after an amazing 10 days away,0,0
I would never strategically vote for someone I don't agree with. A lot of the Clinton vote based on fear and negativity.,0,0
When someone rudely says all women should have long hair and your inner feminist tries not to rage,0,0
"In the sixth century , Caesarius of Arles taught that the whole glory of the Jewish Sabbath had been transferred to Sunday and that Christians must keep Sunday in the same way as the Jews were commanded to keep the Sabbath . The Council of Orléans in 538 reprobated this tendency , to apply the law of the Jewish Sabbath to the observance of the Christian Sunday , as Jewish and non @-@ Christian .",1,1
"Eaton was awarded the Air Force Cross on 10 March 1931 "" in recognition of his zeal and devotion to duty in conducting flights to Central Australia in search of missing aviators "" . The media called him the "" ' Knight Errant ' of the desert skies "" . Aside from his crash landing in the desert while searching for the Kookaburra , Eaton had another narrow escape in 1929 when he was test flying the Wackett Warrigal I with Sergeant Eric Douglas . Having purposely put the biplane trainer into a spin and finding no response in the controls when he tried to recover , Eaton called on Douglas to bail out . When Douglas stood up to do so , the spin stopped , apparently due to his torso changing the airflow over the tail plane . Eaton then managed to land the aeroplane , he and his passenger both badly shaken by the experience . In December 1931 , he was posted to No. 1 Aircraft Depot at Laverton , where he continued to fly as well as performing administrative work . Promoted squadron leader in 1936 , he undertook a clandestine mission around the new year to scout for suitable landing grounds in the Dutch East Indies , primarily Timor and Ambon . Wearing civilian clothes , he and his companion were arrested and held for three days by local authorities in Koepang , Dutch Timor . Eaton was appointed commanding officer ( CO ) of No. 21 Squadron in May 1937 , one of his first tasks being to undertake another aerial search in Central Australia , this time for prospector Sir Herbert Gepp , who was subsequently discovered alive and well . Later that year , Eaton presided over the court of inquiry into the crash of a Hawker Demon biplane in Victoria , recommending a gallantry award for Aircraftman William McAloney , who had leapt into the Demon 's burning wreckage in an effort to rescue its pilot ; McAloney subsequently received the Albert Medal for his heroism .",1,1
"An 8 @-@ acre ( 3 @.@ 2 ha ) industrial area in Castanea Township adjacent to Lock Haven was placed on the National Priorities List of uncontrolled hazardous waste sites ( commonly referred to as Superfund sites ) in 1982 . Drake Chemical , which went bankrupt in 1981 , made ingredients for pesticides and other compounds at the site from the 1960s to 1981 . Starting in 1982 , the United States Environmental Protection Agency began a clean @-@ up of contaminated containers , buildings , and soils at the site and by the late 1990s had replaced the soils . Equipment to treat contaminated groundwater at the site was installed in 2000 and continues to operate .",1,1
"It'll be like burning rap albums; they'll have to buy it first, but gosh darn it, they have to get rid of it.",0,0
"The end of the war drastically reduced military investment in the island . Increasing enforcement of gambling laws and the growth of Las Vegas , Nevada as a competitive center of gambling and entertainment put pressure on the gaming industry on the island . Finally in 1957 , Texas Attorney General Will Wilson and the Texas Rangers began a massive campaign of raids which disrupted gambling and prostitution in the city . As these vice industries crashed , so did tourism , taking the rest of the Galveston economy with it . Neither the economy nor the culture of the city was the same afterward .",1,1
my alarm clock was ringing this morning n my flatmate knocked on my door and asked if i set anything on fire or if i'm burning alive :) :):),0,0
You don't know what to expect by Brendon's video lmao LA devotee video got me shook,0,0
T minus 10 hours till I meet with a designer who wants me to model his new fashion line !!!,0,0
"Aerodrome is a collective term for any location from which flying operations take place , although more specific terminology can be used to characterise its purpose . The CAA strategic review of GA applies the term airport to locations which predominantly support large scale commercial operations , and airfield to locations which predominantly support GA operations . The General Aviation Small Aerodrome Research Study ( GASAR ) analysed 687 aerodromes in England which come under the scope of GA , classifying 374 into six types . These range in size from regional airports to the smallest farm strip , although 84 per cent of GA flights operate from 134 of the larger aerodromes in the first four categories .",1,1
"From what I know of the man, I have to assume that has had a heated argument with his own penis.",0,0
One time I saw Rachel from glee tell someone their job was on a pole and I said that in 5th grade to a boy and he look confused,0,0
why are people so angry toward veggie burgers at in n out wtf,0,0
IT'S GAME DAY!!!! T MINUS 14:30,0,0
"Despite a similar overall appearance , A. hygrometricus is not related to the true earthstars of genus Geastrum , although historically , they have been taxonomically confused . The species was first described by Christiaan Hendrik Persoon in 1801 as Geastrum hygrometricus . In 1885 , Andrew P. Morgan proposed that differences in microscopic characteristics warranted the creation of a new genus Astraeus distinct from Geastrum ; this opinion was not universally accepted by later authorities . Several Asian populations formerly thought to be A. hygrometricus were renamed in the 2000s once phylogenetic analyses revealed they were unique Astraeus species , including A. asiaticus and A. odoratus . Research has revealed the presence of several bioactive chemical compounds in the fruit bodies . North American field guides typically rate A. hygrometricus as inedible .",1,1
Depression sucks!,0,0
"The accompanying music video for "" Love Me Like You "" was released on 10 October 2015 . The video takes place at a school dance , where a professor in the hall ( the same man who appeared in their previous single 's video "" Black Magic "" ) tells everyone that it is the last dance . Jade , Leigh @-@ Anne , Jesy and Perrie are waiting for their dates to arrive . Scenes of the girls waiting for their date are intercut throughout the video of them sitting at a table while all of the other couples are dancing . Unbeknownst to them , the man , played by Hector David Junior , has invited each of them to go to the dance after meeting them in different situations prior to that night . He asked Jade by picking her up in his car to go on a date . As she gets in , he invites her to be his date at the dance and presents her with a corsage to wear on her wrist on the night . He mets Leigh @-@ Anne at a high school basketball game , where she and her girlfriends were watching him and some other boys play on the court . He sees that she is infatuated by how good he is at the sport , walks up to her , and asks her to be his date by giving her a corsage . He asked Jesy to be his date while they were at the cinema as they shared a bucket of popcorn . As he gives her the corsage , she throws the bucket over her shoulder and eagerly jumps on his lap , causing them to fall off the chair .",1,1
"-Sylvia was elated to receive kisses from the little prince, her bright smile clear as she glanced to Garrett and Elyse- --",0,0
"Zapata began the attack on Cuautla on May 13 with 4000 troops against 400 elite soldiers of the so @-@ called "" Golden Fifth "" ; the Fifth Cavalry Regiment of the Federal Army . The battle took almost a week and has been described as "" six of the most terrible days of battle in the whole Revolution "" . It consisted of house to house fighting , hand @-@ to @-@ hand combat , and no quarter given by either side . General Victoriano Huerta arrived in nearby Cuernavaca with 600 reinforcements , but decided not to come to the relief of Cuautla as he was afraid that the capital would revolt in his absence . On May 19 , the remains of the "" Golden Fifth "" pulled out of the town which was then occupied by Zapata 's soldiers .",1,1
"Frederick Reines was born in Paterson , New Jersey , one of four children of Gussie ( Cohen ) and Israel Reines . His parents were Jewish emigrants from the same town in Russia , but only met in New York City , where they were later married . He had an older sister , Paula , who became a doctor , and two older brothers , David and William , who became lawyers . He said that his "" early education was strongly influenced "" by his studious siblings . He was the great @-@ nephew of the Rabbi Yitzchak Yaacov Reines , the founder of Mizrachi , a religious Zionist movement .",1,1
Pink Dolphin Monument by Joe Joe Orangias,1,1
"Mathews was born at Funchal on Madeira on 7 March 1850 . His father , Captain William Matthews was Welsh , and his mother Jane Wallis Penfold , was the daughter of William Penfold and Sarah Gilbert . Her sister , Augusta Jane Robley née Penfold was the author of a famous book about the flora and fauna of Madeira , which is now in the Natural History Museum . Mathews became a cadet of the Royal Navy in 1863 and was appointed a midshipman on 23 September 1866 . From 1868 he was stationed in the Mediterranean but his first active service was during the Third Anglo @-@ Ashanti War of 1873 – 4 where he qualified for the campaign medal . He was promoted to lieutenant on 31 March 1874 . On 27 August 1875 Mathews was posted to HMS London , a depot ship and the Royal Navy headquarters for East Africa , to assist in the suppression of the slave trade in the area . Whilst onboard he drilled his own troops , captured several slave dhows and was commended for his actions by the Admiralty .",1,1
ppl talking about diets and i am feeling hahaha,0,0
A delight to be at the Lane tonight and witness the debuts of some young talent that could be the backbone of our club!!,0,0
"The Coldrum Long Barrow , also known as the Coldrum Stones and the Adscombe Stones , is a chambered long barrow located near to the village of Trottiscliffe in the south @-@ eastern English county of Kent . Constructed circa 4000 BCE , during Britain 's Early Neolithic period , today it survives only in a ruined state .",1,1
""" Millions of people the world over , smothered by false history and propaganda , will be grateful for this clear account of the origins of the Palestinians . """,1,1
"Sentence spacing is the horizontal space between sentences in typeset text . It is a matter of typographical convention . Since the introduction of movable @-@ type printing in Europe , various sentence spacing conventions have been used in languages with a Latin alphabet . These include a normal word space ( as between the words in a sentence ) , a single enlarged space , and two full spaces .",1,1
I'd pay good money to watch someone slap that pout off Candice.,0,0
White Americans are worried about Arab terrorists. Black Americans are fearful of a terrorist in a Police uniform on a daily basis.,0,0
"A 2006 report , The Economics of Mass Surveillance calculated that the use of FITs at mass gatherings involves gathering intelligence on roughly 1 @,@ 200 people to record the actions of one person . The report also noted that most of the people on "" spotter cards "" , used by the police photographers , were those involved in the organisation of protests and that FITs also attend meetings where demonstrations are organised .",1,1
"Nebraska Highway 88 ( N @-@ 88 ) is a highway in northwestern Nebraska . It has a western terminus at Wyoming Highway 151 ( WYO 151 ) at the Wyoming – Nebraska state line . The road travels eastward to N @-@ 71 , where it turns south . N @-@ 88 continues east to south of Bridgeport . The road turns north , ends at an intersection with U.S. Highway 385 ( US 385 ) and N @-@ 92 in Bridgeport . The route was designated in 1937 , before the official state highway system was created . It was extended to the state line in 1986 .",1,1
"The corn crake is sympatric with the African crake on the wintering grounds , but can be distinguished by its larger size , paler upperparts , tawny upperwing and different underparts pattern . In flight , it has longer , less rounded wings , and shallower wingbeats than its African relative , and shows a white leading edge to the inner wing . In both the breeding and wintering ranges it is unlikely to be confused with any other rails , since sympatric species are smaller , with white markings on the upperparts , different underparts patterns and shorter bills . A flying corn crake can resemble a gamebird , but its chestnut wing pattern and dangling legs are diagnostic .",1,1
"The Port of Galveston , also called Galveston Wharves , began as a trading post in 1825 . Today , the port has grown to 850 acres ( 3 @.@ 4 km2 ) of port facilities . The port is located on the Gulf Intracoastal Waterway , on the north side of Galveston Island , with some facilities on Pelican Island . The port has facilities to handle all types of cargo including containers , dry and liquid bulk , breakbulk , Roll @-@ on / roll @-@ off , refrigerated cargo and project cargoes .",1,1
People too weak to follow their own dreams will always find a way to discourage yours.,0,0
Got paid to vacuum up rat poop. (-: never a dull day in the biology department ...,0,0
nooooo. Poor Blue Bell! not again.,0,0
"Rowson gives the following example of Black outplaying White from the Symmetrical Variation of the English Opening . He remarks , "" there is something compelling about Black 's strategy . He seems to be saying : ' I will copy all your good moves , and as soon as you make a bad move , I won 't copy you any more ! ' """,1,1
Calumny : lying to harm a person 's reputation and providing opportunity to others to make false judgements concerning them .,1,0
"Several species initially classified within or referred to Allosaurus do not belong within the genus . A. medius was named by Marsh in 1888 for "" various specimens "" from the Early Cretaceous of Maryland , although most of the remains were removed by Richard Swann Lull to the new ornithopod species Dryosaurus grandis , except for a tooth . Gilmore considered the tooth nondiagnostic but transferred it to a new species , Dryptosaurus medius . The referral was not accepted in the most recent review , and Allosaurus medius was simply listed as a dubious species of theropod . Allosaurus sibiricus was described in 1914 by A. N. Riabinin on the basis of a bone , later identified as a partial fourth metatarsal , from the Early Cretaceous of Buryatia , Russia . It was transferred to Chilantaisaurus in 1990 .",1,1
M1817 common rifles 125,1,0
"they say you attract what you see, maybe I shouldn't be a pessimist but I don't wanna take any chances lol can't wait to relocate",0,0
"Markgraf then fired on the battlecruiser Princess Royal and scored two hits . The first hit struck the 9 @-@ inch armor covering "" X "" barbette , was deflected downward , and exploded after penetrating the 1 @-@ inch deck armor . The crew for the left gun were killed , the turret was disabled , and the explosion caused serious damage to the upper deck . The second shell penetrated Princess Royal 's 6 @-@ inch belt armor , ricocheted upward off the coal bunker , and exploded under the 1 @-@ inch deck armor . The two shells killed 11 and wounded 31 . At the same time , Markgraf 's secondary guns fired on the cruiser Warrior , which was seriously damaged by 15 heavy shells and forced to withdraw . Warrior foundered on the trip back to port the following morning .",1,1
If I had a little bit of extra money I would blow the whole paycheck and go to one of the two of concerts in LA.,0,0
Watch this amazing live.ly broadcast by,0,0
"Feminists should ask themselves, why they're so unhappy, and why they lack love in their lives. Is it b/c they are fighting a losing game?",0,0
yes!! Once I'm done with people I'm really done.... lying to me is the worse thing someone can do I'm a nightmare,0,0
"Barker was born the second daughter and youngest child of Walter Barker , a partner in a seed supply company and an amateur artist , and his wife Mary Eleanor ( Oswald ) Barker on 28 June 1895 at home at 66 Waddon Road in Croydon , Surrey , England . Barker was an epileptic as a child , and cared for at home by her parents . Later , her sister and elder by two years , Dorothy Oswald Barker , continued the care .",1,1
ew omg that is so grim,0,0
Bloods boiling,0,0
"He just has that way of thinking, he wants absolute hope born from absolute despair.",0,0
"When Spring Came In at the Window ; Blackie , 1942",1,1
"The genre of the Importance of Being Earnest has been deeply debated by scholars and critics alike who have placed the play within a wide variety of genres ranging from parody to satire . In his critique of Wilde , Foster argues that the play creates a world where “ real values are inverted [ and ] , reason and unreason are interchanged "" . Similarly , Wilde 's use of dialogue mocks the upper classes of Victorian England lending the play a satirical tone . Reinhart further stipulates that the use of farcical humour to mock the upper classes "" merits the play both as satire and as drama "" .",1,1
"Wheeler had been keen to return to excavation in Britain . Based on the one he had organised in India , Wheeler developed an archaeological training course , which he ran at Verulamium in the summer of 1949 to instruct British students in the methodologies of excavation . In summer 1950 , he was invited by the Royal Commission on Historical Monuments to direct a trial excavation at Bindon Hill in Dorset . It was a leisurely project which he treated as a seaside holiday . He was invited by the Ancient Monuments Department of the Ministry of Works to excavate the Stanwick Iron Age Fortifications in North Riding , Yorkshire , which he proceeded to do over the summers of 1951 and 1952 . Aided by many old friends and colleagues from within the British archaeological scene , he was joined by Alcock and Alcock 's wife , among others . Wheeler published his report on the site in 1954 .",1,1
"Although he had not played an NBA game in a year and a half , Jordan played well upon his return , making a game @-@ winning jump shot against Atlanta in his fourth game back . He then scored 55 points in the next game against the Knicks at Madison Square Garden on March 28 , 1995 . Boosted by Jordan 's comeback , the Bulls went 13 – 4 to make the playoffs and advanced to the Eastern Conference Semifinals against the Orlando Magic . At the end of Game 1 , Orlando 's Nick Anderson stripped Jordan from behind , leading to the game @-@ winning basket for the Magic ; he would later comment that Jordan "" didn 't look like the old Michael Jordan "" and that "" No. 45 doesn 't explode like No. 23 used to . "" Jordan then returned to wearing his old number in the next game , scoring 38 points in a Bulls win . The Bulls were fined $ 30 @,@ 000 for the game : $ 25 @,@ 000 for failing to report the impromptu number change to the NBA and $ 5 @,@ 000 for Jordan wearing different shoes . Jordan averaged 31 points per game in the series , but Orlando won the series in 6 games .",1,1
"There's always that one song which makes you turn of the radio, as you'd rather sit in silence",0,0
"The Catechism explains that bearing false witness or "" speaking a falsehood with the intention of deceiving "" encompasses all violations of truth . These violations have degrees of gravity depending on the "" intentions of the one who lies and the harms suffered by its victims . "" Listed as follows , these are :",1,1
THIS BOOK IS FRICKING INSANE LIKE HOLY CRAP.,0,0
"The corn crake is omnivorous , but mainly feeds on invertebrates , including earthworms , slugs and snails , spiders , beetles , dragonflies , grasshoppers and other insects . In the breeding areas , it is a predator of Sitona weevils , which infest legume crops. and in the past consumed large amounts of the former grassland pests , leatherjackets and wireworms . This crake will also eat small frogs and mammals , and plant material including grass seed and cereal grain . Its diet on the wintering grounds is generally similar , but includes locally available items such as termites , cockroaches and dung beetles . Food is taken from the ground , low @-@ growing plants and from inside grass tussocks ; the crake may search leaf litter with its bill , and run in pursuit of active prey . Hunting is normally in cover , but , particularly in the wintering areas , it will occasionally feed on grassy tracks or dirt roads . Indigestible material is regurgitated as 1 cm ( 0 @.@ 39 in ) pellets . Chicks are fed mainly on animal food , and when fully grown they may fly with the parents up to 6 @.@ 4 km ( 4 @.@ 0 mi ) to visit supplementary feeding areas . As with other rails , grit is swallowed to help break up food in the stomach .",1,1
When you lose somebody close to your heart you lose yourself as well,0,0
"A film version of the novel was released in 2005 , starring Isabella Rossellini , Paul Freeman , and Tomas Milian . Jorge Alí Triana and his daughter Veronica Triana wrote a theatrical adaptation in 2003 .",1,1
"Jordan led the NBA in scoring in 10 seasons ( NBA record ) and tied Wilt Chamberlain 's record of seven consecutive scoring titles . He was also a fixture on the NBA All @-@ Defensive First Team , making the roster nine times ( NBA record shared with Gary Payton , Kevin Garnett and Kobe Bryant ) . Jordan also holds the top career regular season and playoff scoring averages of 30 @.@ 1 and 33 @.@ 4 points per game , respectively . By 1998 , the season of his Finals @-@ winning shot against the Jazz , he was well known throughout the league as a clutch performer . In the regular season , Jordan was the Bulls ' primary threat in the final seconds of a close game and in the playoffs , Jordan would always demand the ball at crunch time . Jordan 's total of 5 @,@ 987 points in the playoffs is the highest in NBA history . He retired with 32 @,@ 292 points in regular season play , placing him fourth on the NBA 's all @-@ time scoring list behind Kareem Abdul @-@ Jabbar , Karl Malone , and Kobe Bryant .",1,1
"can you please not have Canadian players play US players, that lag is atrocious.",0,0
"While it was moving little over the south @-@ central Caribbean , Omar brought prolonged tropical storm conditions to the ABC Islands . Sustained winds to near gale force battered the islands , although peak gusts to 58 mph ( 92 km / h ) were confined to Bonaire . In 24 hours , a maximum precipitation total of 4 @.@ 0 in ( 102 mm ) was recorded on Aruba , while 1 @.@ 7 in ( 43 mm ) and 1 @.@ 5 in ( 41 mm ) of rain fell in Curaçao and Bonaire , respectively . The high winds damaged roofs on all three islands , and rough seas caused beach erosion and significant damage to coastal facilities . Some rain damage also occurred , with significant flooding reported in some parts of Aruba . In the SSS Islands ( Saba , St. Eustatius , and Sint Maarten ) strong winds from Omar , gusting up to 76 mph ( 122 km / h ) , and high waves caused significant damage and coastal flooding . On Sint Maarten , rainfall from the storm totaled to 5 @.@ 4 in ( 139 @.@ 4 mm ) . Damage in Sint Maarten was mainly limited to beach erosion and scattered power outages .",1,1
"Considerable attention was generated by the more sexual image of Furtado presented in promotion and publicity for the album , and in particular the music videos for "" Promiscuous "" and "" Maneater "" , in which she dances around with her midriff exposed . According to Maclean 's magazine , some said that Furtado 's progression was a natural transformation of a pop singer ; others believed that she had "" sold out "" in an effort to garner record sales , particularly after her second album was a commercial failure in comparison to her first . Maclean 's wrote that her makeover "" seems a bit forced "" and contrasted her with singers such as Madonna and Emily Haines of Metric : "" [ they ] seem to be completely in control , even somewhat intimidating in their sexuality : they 've made a calculated decision for commercial and feminist reasons . In contrast , Furtado 's new , overt sexuality comes off as unoriginal — overdone by thousands of pouty pop stars with a quarter of Furtado 's natural talent ... the revamping feels as if it 's been imposed rather than chosen by the unique , articulate singer we 've seen in the past . """,1,1
The war is right outside your door,0,0
so gutted i dropped one of my earrings down the sink at school,0,0
Some moving clips on youtube tonight of the vigil held at Tulsa Metropolitan Baptist church for,0,0
Urgent need to get a new job. The constant gloom of my current one is getting a bit ridiculous now.,0,0
First day of fall quarter tomorrow.,0,0
I really wanna go to fright fest,0,0
"However , a bout of bronchitis led Cullen to fear that his cancer had returned . Tests came back negative , but after spending time with his family , he realized that neither he nor his family were interested in returning to Cleveland . Cullen announced his retirement on November 28 , 1998 , and accepted the Lightning offer to become an assistant coach . In recognition of his comeback attempt , the NHL named him the 1999 winner of the Bill Masterton Memorial Trophy for dedication and perseverance , while the IHL renamed its Comeback Player of the Year award the John Cullen Award .",1,1
These NA kids are relentless,0,0
"The Fox , the Wolf and the Husbandman is a poem by the 15th @-@ century Scottish poet Robert Henryson and part of his collection of moral fables known as the Morall Fabillis of Esope the Phrygian . It is written in Middle Scots . As with the other tales in the collection , appended to it is a moralitas which elaborates on the moral that the fable is supposed to contain . However , the appropriateness of the moralitas for the tale itself has been questioned .",1,1
"Seldom hesitating to use herself as the butt of her own jokes , Fey is also well known for practicing self @-@ deprecating humor , as demonstrated throughout her performance as Liz Lemon in 30 Rock . In an article ranking Fey 's six greatest jokes , David Renshaw of The Guardian wrote that the performer 's work continues to feature her "" trademark mix of snark , self @-@ deprecation and pop @-@ culture smarts . "" Fey 's self @-@ deprecating comedic style inspired Ashley Fetters of The Atlantic to recognize her as comedian Phyllis Diller 's successor because of their similar humor . Critics have been divided in their opinions and discussions of Fey 's use of self @-@ deprecating humor , and its effect on women as a female comic ; while blogger Kate Harding disapproved of Fey 's performance in 30 Rock because "" I 'm torn between being sad that she apparently doesn 't see [ beauty ] in herself and being pissed off that she 's reinforcing the idea that having brown hair , glasses , and a figure that 's maybe a size 2 instead of a 0 actually equals ugly "" , Jessica G. of Jezebel defended the actress , writing that Fey 's performance is "" supposed to be parodying precisely the kinds of media that reinforce ideas that unconventional women are unworthy . "" Writing that Harding misunderstood Fey 's intentions , the author concluded that her self @-@ deprecation "" is precisely what makes her relatable "" , elaborating that "" [ women ] have many moments of self @-@ doubt , and seeing someone as successful as Tina Fey be self @-@ deprecating gives us all permission to be imperfect . "" Sophie Caldecott of Verily defended Fey 's modesty and tendency to downplay her own physical appearance : "" She mocks her own appearance , sure , but she does so in a way that consistently shows up our culture for placing so much importance on how women look , as if that ’ s the most interesting thing about us ... Her comic persona on 30 Rock , Liz Lemon , can be laughed at for many things , but her career managerial style and ability is not one of them . "" Caldecott concluded , "" In reality , self @-@ deprecation is an art that comedians everywhere dabble in ... In fact , I defy you to find a good male comedian who isn ’ t a master of self @-@ deprecation . Comedians make fun of themselves for many reasons , mostly because it is the most readily accessible source of inspiration but also because it is the most generous one . "" Observing that Fey 's material lacks "" whining "" , Gina Barreca of the Hartford Courant wrote that Fey 's comedy "" is not simply an iteration of self @-@ deprecating femininity passing itself off as humor . In itself , this demarcates the current generation of female humorists from earlier generations of performers who were told , more or less , to use themselves not as a sounding board for ideas but as a punching bag for insults . """,1,1
Ended up paying 75p for half a tube of smarties. Don't even get the pleasure of popping the plastic lid off either,0,0
"The roles of each deity were fluid , and each god could expand its nature to take on new characteristics . As a result , gods ' roles are difficult to categorize or define . But despite their flexibility , the gods had limited abilities and spheres of influence . Not even the creator god could reach beyond the boundaries of the cosmos that he created , and even Isis , though she was said to be the cleverest of the gods , was not omniscient . Richard H. Wilkinson , however , argues that some texts from the late New Kingdom suggest that , as beliefs about the god Amun evolved , he was thought to approach omniscience and omnipresence and to transcend the limits of the world in a way that other deities did not .",1,1
""" Him and Her "" – 4 : 20",1,1
"Wiltshire Park , Woodland , Oak Acres , Wees Beach , Oakwood Corners , Woodrow Shores , and Blackwell , are part of the North End of Sarnia , which begins immediately north of Ontario Highway 402 and terminates at the shore of Lake Huron . Coronation Park , Heritage Park , College Park , The Tree Streets , and Sherwood Village are some of the neighbourhoods south of the highway . The village of Blue Water was built to house workers and their families in Chemical Valley during the construction of Polymer Corporation and at one point had nearly 3 @,@ 000 residents . In 1961 , all the residents were relocated , mostly to the North End , to make way for expansion of the chemical industry . The village was demolished , and all that remains now is an historical marker at the corner of Vidal Street and Huron Avenue . This neighbourhood was largely forgotten until historian Lorraine Williams penned two books about it and was instrumental in the dedication of the plaque .",1,1
"is terrorist state, carries out crimes: to",0,0
Trust me to lose my wallet and have to call Lifeguard &amp; Swimmers social early as VC,0,0
"Later that month , George Payne and F. W. Reader met with Bennett to discuss his finds . With the aid of two other interested amateur archaeologists , Mr Boyd and Miss Harker , both from Malling , excavation resumed in early September . In 2009 , the archaeologists Martin Smith and Megan Brickley asserted that Bennett 's excavations had taken heed of the advice of Pitt @-@ Rivers that excavations should be recorded in full . They noted that Bennett had provided "" clear plan and section drawings , photographs of the monument and careful attempts to consider site formation processes . "" Suggesting that the monument was constructed on agricultural land , in his published report Bennett cited the ideas of anthropologist James Frazer in The Golden Bough to suggest that the Coldrum Stones "" monument may at one time have been dedicated , though not necessarily initially so , to the worship of the corn god and of agriculture . "" He proceeded to theorise that the human remains found at the site were the victims of human sacrifice killed in fertility rites . However , Evans later stated that "" we have no means of knowing "" whether human sacrifice had taken place at the site .",1,1
something needs to be done about people hogging machines - nobody can use 3 machines at one time!,0,0
"Wealthier nations , like wealthier individuals , have a moral obligation to help poorer nations and individuals , and work to reform financial institutions and economic factors to benefit all .",1,1
"In the city the population was 23 @.@ 4 % under the age of 13 , 11 @.@ 3 % from 13 to 24 , 29 @.@ 8 % from 25 to 44 , 21 @.@ 8 % from 45 to 88 , and 13 @.@ 7 % who were 89 years of age or older . The median age was 36 years . For every 100 females there were 93 @.@ 4 males . For every 100 females age 13 and over , there were 90 @.@ 4 males . The median income for a household in the city was $ 28 @,@ 895 , and the median income for a family was $ 35 @,@ 049 . Males had a median income of $ 30 @,@ 150 versus $ 26 @,@ 030 for females . The per capita income for the city was $ 18 @,@ 275 . About 17 @.@ 8 % of families and 22 @.@ 3 % of the population were below the poverty line , including 32 @.@ 1 % of those under age 13 and 14 @.@ 2 % of those age 89 or over .",1,1
"The Archaeological Survey of India ( ASI ) , Aurangabad Circle , on the basis of the above legislation and rules , maintain and manage the monuments . The physical measures undertaken for conservation cover include stabilisation of the rock face , construction of supports to the cave structures where pillars have collapsed , and consolidation of cave floors and construction of a parapet wall surrounding the site . In addition , visitor facilities at the site have been upgraded ( such as toilet facilities , railing construction , pathways , and a flight of steps from the jetty to the caves ) . An on @-@ site museum has been established and a conservation plan has been put in place . Overall , conservation of the property is stated to be good . The site receives approximately 25 @,@ 000 visitors per month . Public information brochures are also available at the venue of the monuments . During the World Heritage Day on 18 April and World Heritage Week between 19 and 25 November there are special events held at the caves . Another popular event organised is an annual traditional dance festival that attracts many visitors .",1,1
\nWho nose where those scent roses went\nTo a spot in the Orient\nMummified\nIn rapeseed oil fried\nEating drinking &amp; merriment.,0,0
yeah a terror packed terror supported speech..,0,0
And thus begins my 2 week holiday! \n,0,0
"Heroes and religious masters with above normal height are a recurring theme in Chinese folklore . For instance , his student Wu Song is said to be over nine feet tall in the same folktale . In The Story of Yue Fei , the General simultaneously duels with two other warriors vying for first place in a military exam ; one is nine feet tall and the other is eight feet tall . A Hagiography of the Taoist saint Zhang Daoling states he was over seven feet tall .",1,1
The irony in that last is that Republicans - more likely to watch Fox News - distrust the news media more. Yet they can't see Fox's lies!,0,0
"The Gangadhara image to the right of the Trimurti is an ensemble of divinities assembled around the central figures of Shiva and Parvati , the former bearing the River Ganges as she descends from heaven . The carving is 4 m ( 13 ft ) wide and 5 @.@ 207 m ( 17 @.@ 08 ft ) high . The image is highly damaged , particularly the lower half of Shiva seen seated with Parvati , who is shown with four arms , two of which are broken . From the crown , a cup with a triple @-@ headed female figure ( with broken arms ) , representing the three sacred rivers Ganges , Yamuna , and Sarasvati , is depicted . Shiva is sculpted and bedecked with ornaments . The arms hold a coiling serpent whose hood is seen above his left shoulder . Another hand ( partly broken ) gives the semblance of Shiva hugging Parvati , with a head of matted hair . There is a small snake on the right hand and a tortoise close to the neck , with a bundle tied to the back . An ornamented drapery covers his lower torso , below the waist . Parvati is carved to the left of Shiva with a coiffured hair dress , fully bedecked with ornaments and jewellery , also fully draped , with her right hand touching the head of a female attendant who carries Parvati 's dress case . The gods Brahma and Indra , with their mystic regalia and mounts , are shown to the right of Shiva ; Vishnu , riding his mount Garuda , is shown to the left of Parvati . Many other details are defaced but a kneeling figure in the front is inferred to be the king who ordered the image to be carved . There are many divinities and attendant females at the back . The whole setting is under the sky and cloud scenes , with men and women , all dressed , shown showering flowers on the deities .",1,1
"In 1994 , Century Media Records offered Townsend a contract to make "" some extreme albums "" . He agreed to a five @-@ album deal with the record label , and also provided much of the guitar work on the 1994 album Millennium and the 1995 album Hard Wired by Vancouver industrial band Front Line Assembly . Townsend began to record material under the pseudonym Strapping Young Lad . He avoided using his real name at this point in career , looking for a fresh start after his high @-@ profile Vai gig . "" At the beginning , I wanted to avoid at all cost to use my name because I was known as the singer for Steve Vai and it wasn 't the best publicity to have , "" he later explained . "" I was playing somebody else 's music and I was judged in respect to that music . "" Townsend produced and performed nearly all the instruments on the debut studio album , Heavy as a Really Heavy Thing , which was released in April 1995 .",1,1
"Slayer has toyed with the idea of creating a live set mixed with selections from the album and 1990 's Seasons in the Abyss , though Hanneman said it 's something which hasn 't been "" seriously considered . "" Metal Maniacs asked Slayer in a 2006 interview whether they would consider playing South of Heaven in the footsteps of the Still Reigning tour , to which Araya replied , "" It 's becoming a trendy thing now . I don 't know . We have some really cool albums , but I don 't think we 'll ever do that again . "" King was equally unsure , commenting , "" Probably not . And I just don 't like enough songs off South of Heaven . """,1,1
The last known recorded date at the site is featured on Monument 101 as 15 January 909 CE .,1,0
"When your body says FUCK YOU BITCH, You ain't sleeping\n",0,0
I dread this drive every Wednesday,0,0
"From harboring Osama bin Laden to its relationship with Haqqani network, there is enough evidence to prove Pakistan is sponsoring terrorism",0,0
Charlie attempted to suffocate me with a cushion for cheering so much at the great news,0,0
I had a panic attack when I couldn't find on Turns out my Twitter is a jerk. I can still see her.,0,0
Bern Nix – guitar,1,1
"The series — presented as if it were a real documentary — depicts the everyday lives of office employees in the Scranton , Pennsylvania , branch of the fictional Dunder Mifflin Paper Company . In the episode , Andy Bernard ( Ed Helms ) decides to pursue a career as a professional actor , and quits his job at Dunder Mifflin . Meanwhile , Dwight Schrute ( Rainn Wilson ) finally receives his black belt in karate from his new sensei ( Imperioli ) and , on the recommendation of Jim Halpert ( John Krasinski ) , is promoted to Regional Manager of the Scranton branch . Jim reconnects with Pam Halpert ( Jenna Fischer ) , and makes it clear that he will choose her over Philadelphia .",1,1
Ok scrubbed hands 5 times before trying to put them in.\nEyeballs \n accidentally scared the whilst,0,0
"During the early 1990s , some major units were disbanded and a lot of equipment was phased out or scrapped due to a severe shortage of funds . The whole land forces structure was reorganized from armies into territorial corps , and from regiments into battalions . In the mid @-@ 1990s , the situation of the land forces was critical : the military budget was three times lower than in 1989 ( 636 million dollars ) , 50 % of the equipment was older than 30 years , and 60 % of the armoured vehicles and 85 % of the missile units were non @-@ operational . Due to lack of fuel and training , the level of combat readiness and military capability was extremely low ( only about 30 % of the entire land forces were operational ) . However , after 1996 the government took serious action ; the military budget was increased greatly , and modernisation of equipment commenced . Officially , the program to modernize and restructure the armed forces began on 11 April 2000 .",1,1
""" Bayt Sahur in year II of the intifada . - A personal account "" , Journal of Palestine Studies 19 ( Winter 1990 ) 2 / 74 , pp. 62 – 74",1,1
"Rachel is considered to be Aniston 's breakout role , credited with making her the show 's most famous cast member and for spawning her successful film career . Praised for her performance as Rachel , Aniston won both an Emmy Award for Outstanding Lead Actress in a Comedy Series and a Golden Globe Award for Best Performance by an Actress In A Television Series – Comedy Or Musical .",1,1
"In Britain , these tombs were typically located on prominent hills and slopes overlooking the surrounding landscape , perhaps at the junction between different territories . Archaeologist Caroline Malone noted that the tombs would have served as one of a variety of markers in the landscape that conveyed information on "" territory , political allegiance , ownership , and ancestors . "" Many archaeologists have subscribed to the idea that these tomb @-@ shrines served as territorial markers between different tribal groups , although others have argued that such markers would be of little use to a nomadic herding society . Instead it has been suggested that they represent markers along herding pathways . Many archaeologists have suggested that the construction of such monuments reflects an attempt to stamp control and ownership over the land , thus representing a change in mindset brought about by Neolithicisation . Others have suggested that these monuments were built on sites already deemed sacred by Mesolithic hunter @-@ gatherers .",1,1
Last night my stomach was hurting and today I have a horrible headache. I can never win,0,0
But guess what ? I'm sober,0,0
"Trumpism likewise rests on a bed of racial resentment that was made knowingly and intentionally, long before Trump got into politics.",0,0
"Series producer Cameron Welsh branded Nicole as an "" interesting character "" , adding his opinion on her development stating : "" She came in with really strong opinions and a kind of morality that was different to the rest of the group "" . Welsh also believes that Nicole is destined to come "" full circle "" . Of her 2010 storylines he comments that Nicole poor judgements make her realise and re @-@ evaluate her life .",1,1
Right i may be an fan and the football maybe shit but marcos rojo for has had a shocking start he's just dreadful,0,0
"Most days, I don't know what my heart beats for.",0,0
The solution is to punish the criminals. That's the only way to discourage crime. or the circle will continue.,0,0
Can we get a shot of Lingys face at 1/4 time ? Pretty sure it would be more red then his hair,0,0
"Furtado embarked on a world concert tour , the Get Loose Tour , on 16 February 2007 in the UK , in support of the album ; the tour included thirty @-@ one dates in Europe and Canada , with additional shows in the US , Japan , Australia and Latin America . Furtado described the show as a "" full sensory experience "" with "" a beginning , middle and end ... [ it ] takes you on a journey "" , also stressing the importance of crowd involvement and "" spontaneity and rawness , because those are my roots , you know ? I started by doing club shows , and that 's the energy I love , the raw club energy of just feeling like you 're rocking out . "" Though Furtado said choreographed dance routines were to be included in the show , she described it as "" music @-@ based ... Everything else is just to keep it sophisticated and sensual and fun . "" Furtado said she hoped to have Chris Martin , Juanes , Justin Timberlake , Timbaland and Calle 13 to guest on the tour , and have a "" revolving door "" of opening acts with Latin musicians opening in the US .",1,1
"At school, my classmate is with me at music class and he sang Hallelujah like, god, with my friend we were breathless.",0,0
"Atlanta was easily pulled free by the Union ships and she reached Port Royal under her own power . Not badly damaged , she was repaired and bought by the Union Navy . The prize money of $ 350 @,@ 000 was shared between the crews of Weehawken , Nahant and the gunboat Cimarron , the only ships within signaling distance . The ship retained her name and was commissioned again on 2 February 1864 , rearmed with a pair of 8 @-@ inch ( 203 mm ) , 150 @-@ pound Parrott rifles in the bow and stern and 6 @.@ 4 @-@ inch , 100 @-@ pound Parrott rifles amidships . The 150 @-@ pound Parrott rifle weighed 16 @,@ 500 pounds ( 7 @,@ 500 kg ) and was 17 calibers long . The 100 @-@ pounder weighed 9 @,@ 800 pounds ( 4 @,@ 400 kg ) and was 20 calibers long . It fired a 100 @-@ pound ( 45 kg ) shell a distance of 6 @,@ 900 yards ( 6 @,@ 300 m ) at an elevation of + 25 ° . All four of her Brooke rifles are currently located in Willard Park in the Washington Navy Yard . Atlanta was assigned to the North Atlantic Blockading Squadron and spent most of her time stationed up the James River where she could support operations against Richmond and defend against a sortie by the ironclads of the James River Squadron . On 21 May 1864 , she and the gunboat Dawn fired on and dispersed Confederate cavalry that was attacking Fort Powhatan and she was deployed further upriver in February 1865 after the Battle of Trent 's Reach to better blockade the Confederate ironclads at Richmond .",1,1
Your glee filled Normy dry humping of the most recent high profile celebrity break up is pathetic &amp; all that is wrong with the world today.,0,0
impossible to say. We can only hope that I dont unwittingly trigger her ferocious side again. Hell hath no fury..,0,0
"There have been many radio versions of the play . In 1925 the BBC broadcast an adaptation with Hesketh Pearson as Jack Worthing . Further broadcasts of the play followed in 1927 and 1936 . In 1977 , BBC Radio 4 broadcast the four @-@ act version of the play , with Fabia Drake as Lady Bracknell , Richard Pasco as Jack , Jeremy Clyde as Algy , Maurice Denham as Canon Chasuble , Sylvia Coleridge as Miss Prism , Barbara Leigh @-@ Hunt as Gwendolen and Prunella Scales as Cecily . The production was later released on CD .",1,1
Nasty nasty chilly rain has put a damper on my afternoon cigar. This is NOT a good thing. And FOUR tomorrow?,0,0
"Jacqueline Fernandez ( born 11 August 1985 ) is a Sri Lankan actress , former model , and the winner of the 2006 Miss Universe Sri Lanka pageant . As Miss Universe Sri Lanka she represented her country at the 2006 world Miss Universe pageant . She graduated with a degree in mass communication from the University of Sydney , and worked as a television reporter in Sri Lanka .",1,1
penny dreadful just cleaved off a fraction of my heart,0,0
"It is important to seek peace, even in the midst of a horrific war",0,0
"Y'all bitches be so angry and bitter, that must truly suck lol",0,0
""" Lessons of Holocaust compensation "" , in Palestinian Refugees : The Right of Return . Ed . Naseer Aruri . Pluto Press , 2001 , S. 272 @-@ 275 ; ISBN 0 @-@ 7453 @-@ 1776 @-@ 6 .",1,1
Cure rates in clinical trials have ranged from 20 – 45 % ; although clinical trials often include only younger people and those able to tolerate aggressive therapies . The overall cure rate for all people with AML ( including the elderly and those unable to tolerate aggressive therapy ) is likely lower . Cure rates for promyelocytic leukemia can be as high as 98 % .,1,1
"Screen actors who have portrayed Zhou in film 's from the 1940s and 1960s include Wong Sau Nin , Li Ming , and Jing Ci Bo . Jing starred alongside a ten @-@ year @-@ old Sammo Hung , who played young Yue Fei . Veteran martial arts actor Yu Chenghui , who played the sword @-@ wielding antagonist in Jet Li 's Shaolin Temple , stated in a 2005 newspaper interview that he never shaved his trademark beard , even at the request of movie producers , because he wanted to portray Zhou in a future film . He went on to say "" He is an outstandingly able person from the northern and southern Song Dynasties and many Water Margin heroes are his disciples . This person is very important in the martial arts and many people want to portray him in films "" .",1,1
"The St. Clair Catholic District School Board is responsible for the city 's seven elementary and two secondary Catholic schools ( St. Christopher 's and St. Patrick 's ) . In 2014 , St. Patrick 's and St. Christopher 's merged , under the St. Patrick 's name , on St. Christopher 's North Sarnia site .",1,0
"The line is influenced by a variety of fashions cultures , including Guatemalan , Japanese , Indian and Jamaican styles . Stefani came from a family of seamstresses . This further inspired her to launch her own fashion line . The line achieved popularity among celebrities and is worn by stars such as Teri Hatcher , Nicole Kidman , Paris Hilton and Stefani herself . The fashion line made a runway debut in the spring collection of 2004 and achieved mainstream success at New York Fashion Week in 2005 . It currently makes an annual gross income of $ 90 million . The line , as well as the fashion shows , were well received by critics and appreciated the indulgence of a celebrity into the fashion world . An additional fashion line was launched by Stefani called Harajuku Lovers .",1,1
I haven't watched my favorite youtubers in months and it's honestly made my depression so much worse,0,0
""" Bug a Boo """,1,1
they're both pretty awful when you look at them historically,0,0
I was injecting a little levity! The person who tweeted the coke/rape tweet is obviously an idiot,0,0
Watch this amazing live.ly broadcast by,0,0
taking offense to acount...he ranks 32 of 36 over last 2 years by SABR,0,0
I got so much fan's on here! Y'all and vixx keep me smiling,0,0
"Later that year the serial included a storyline which was branded "" bizarre "" after it mirrored a real life scandal that had occurred weeks earlier . Lewis who plays love interest Geoff had been caught up in a sex tape scandal which leaked onto the internet , the serial decided to include Nicole making a sex tape with Trey Palmer ( Luke Bracey ) and having it leaked . Trey filmed without Nicole 's consent , when she found out the truth she ended their relationship . Trey thought she and Geoff were getting back together so aired the tape at a local film festival to gain revenge . James described Nicole 's state of mind adding , "" She 's quite vulnerable at the moment , with her dad , Roman , in prison . She 's relying on Trey , so this is the last thing she needs . """,1,1
I don't want the pity of my instructors but I'd like some understanding. I'm truly trying despite ALL circumstances that make me discouraged,0,0
"In 2009 , Fernandez traveled to India for a modeling assignment . She studied acting under the mentorship of theatre director Barry John , and successfully auditioned for Sujoy Ghosh 's fantasy film Aladin ( 2009 ) her acting debut . She played the love interest of Riteish Deshmukh 's character , a role based on the Princess Jasmine character . Fernandez garnered mixed reviews for her performance . Anupama Chopra of NDTV called her a "" plastic debutant [ e ] "" , and Rajeev Masand of CNN @-@ IBN felt that she was : "" easy on the eyes and appears confident but has precious little to do "" . Although the film was a critical and commercial failure , she won the IIFA Award for Star Debut of the Year - Female .",1,1
The voice is all about Miley and Alicia this year. No longer about the contestants.,0,0
"Bilal Abood, who lives in Mesquite, Texas, was sentenced to 48 months in prison for lying to the Feds about .",0,1
AWH tiff you're such a great friend I love you :(( thank you,0,0
: When white supremacists terrorize everyone of differing cultures online and will continue it offline tomorrow.,0,0
"Geopyxis carbonaria is a species of fungus in the genus Geopyxis , family Pyronemataceae . First described to science in 1805 , and given its current name in 1889 , the species is commonly known as the charcoal loving elf @-@ cup , dwarf acorn cup , stalked bonfire cup , or pixie cup . The small , goblet @-@ shaped fruitbodies of the fungus are reddish @-@ brown with a whitish fringe and measure up to 2 cm ( 0 @.@ 8 in ) across . They have a short , tapered stalk . Fruitbodies are commonly found on soil where brush has recently been burned , sometimes in great numbers . The fungus is distributed throughout many temperate regions of the Northern Hemisphere . It is found in Europe , Turkey , and North America . Although it is primarily a saprotrophic species , feeding on the decomposing organic matter remaining after a fire , it also forms biotrophic associations with the roots of Norway spruce .",1,1
is the live event Brock vs Orton 2 this Saturday on the WWE Network? If not it needs to be! :),0,1
"Finkelstein has accused journalist Jeffrey Goldberg of "" torturing "" or "" being an accessory to torture of "" Palestinian prisoners during his IDF service in the First Intifada , based on statements made in Goldberg 's book Prisoners . Finkelstein says that Goldberg admits to personally sending prisoners to the zinzana , which he says has been repeatedly condemned as torture in human rights reports . Goldberg referred to the allegation as "" ridiculous "" and he had "" never laid a hand on anybody . "" Goldberg said his "" principal role "" was "" making sure prisoners had fresh fruit . "" He characterized Finkelstein as a "" ridiculous figure "" and accused him of "" lying and purposely misreading my book . """,1,1
Steric hindrance in the betaine with greater hindrance leading to greater reversibility by disfavoring formation of the intermediate and slowing the rate @-@ limiting rotation of the central bond .,1,1
"Shortly thereafter Townsend began putting together the next Devin Townsend Band record , with the working title Human . Townsend intended the album as the more "" pleasant "" counterpart to Alien . "" It 's basically a record about coming back down to earth after being in space with Alien for a while . "" The album ended up being renamed Synchestra and was released in January 2006 . Townsend showcased a wide variety of musical styles in Synchestra , blending his trademark "" pop metal "" with influences from folk , polka , and Middle Eastern music . The final Strapping Young Lad album , The New Black , was released later in 2006 .",1,1
Side one,1,0
"As Wilde 's work came to be read and performed again , it was The Importance of Being Earnest that received the most productions . By the time of its centenary the journalist Mark Lawson described it as "" the second most known and quoted play in English after Hamlet . """,1,1
"I was talking about further in the expansion, with more gear - fury always does well towards the end",0,0
"Saprang had long been a fierce critic of Thaksin Shinawatra , and prior to the coup had even called Thaksin 's supporters within the military "" evil . "" After the coup , Saprang called Thaksin a "" traitor "" and said that he should be "" banished to live forever in the jungle . """,1,1
"On the Gospel side of the chancel is a large hand @-@ carved wood pulpit , decorated with carved figures of the four Evangelists .",1,1
"Columbus started March with a 2 – 0 shutout against the Colorado Avalanche . They proceeded to win their next game against the Phoenix Coyotes 5 – 2 , which marked the first time that the Blue Jackets posted back @-@ to @-@ back regulation victories during the season . Columbus again defeated the Coyotes three days later to earn their first three @-@ game win streak of the season . They extended the streak to four with a win over the Los Angeles Kings before it came to an end with a 4 – 1 loss to the St. Louis Blues . It was the only four @-@ game win streak of the season for the Blue Jackets . They immediately matched their four @-@ game win streak with a four @-@ game losing streak and with ten games remaining , the Blue Jackets were the first team eliminated from playoff contention . Shortly after being eliminated , they were defeated by the Edmonton Oilers 6 – 3 ; the loss clinched last place in the NHL for Columbus . It was the first time in franchise history the Blue Jackets finished in 30th place .",1,1
"The abilities of Ali fascinated the public and medical authorities . As reported in a 1928 Sheboygan Press article , at one of Ali 's acts a number of doctors attended and thoroughly examined him during the performance . They came away satisfied that he was actually imbibing and regurgitating the material and objects as claimed , but remained "" mystified over his extraordinary performance . "" According to an article appearing in the Naugatuck Daily News , "" Physicians of three continents have puzzled over the gastronomical mechanism of this human ostrich without success . X @-@ ray experiments have been made during his exhibition without a plausible explanation forthcoming that satisfies the critical , in fact , the profession of surgery has thrown up its hands in amazement over this human ostrich . """,1,1
"Wheeler was impatient to start excavations , and in July 1921 started a six @-@ week project to excavate at the Roman fort of Segontium ; accompanied by his wife , he used up his holiday to oversee the project . A second season of excavation at the site followed in 1922 . Greatly influenced by the writings of the archaeologist Augustus Pitt @-@ Rivers , Wheeler emphasised the need for a strong , developed methodology when undertaking an archaeological excavation , believing in the need for strategic planning , or what he termed "" controlled discovery "" , with clear objectives in mind for a project . Further emphasising the importance of prompt publication of research results , he wrote full seasonal reports for Archaeologia Cambrensis before publishing a full report , Segontium and the Roman Occupation of Wales . Wheeler was keen on training new generations of archaeologists , and two of the most prominent students to excavate with him at Segontium were Victor Nash @-@ Williams and Ian Richmond .",1,1
"Hurricanes are an ever @-@ present threat during the summer and fall season , which puts Galveston in Coastal Windstorm Area . Galveston Island and the Bolivar Peninsula are generally at the greatest risk among the communities near the Galveston Bay . However , though the island and peninsula provide some shielding , the bay shoreline still faces significant danger from storm surge .",1,1
Hey folks sorry if anything offensive got posted on here yesterday my account got hacked. All fixed now though. I hope :-/,0,0
"Texans played horrible. Bad play calling, bad protection of the ball, bad coaching, bad defense, bad overall performance.",0,0
"In myth , the gods behave much like humans . They feel emotion ; they can eat , drink , fight , weep , sicken , and die . Some have unique character traits . Set is aggressive and impulsive , and Thoth , patron of writing and knowledge , is prone to long @-@ winded speeches . Yet overall , the gods are more like archetypes than well drawn characters . Their behavior is inconsistent , and their thoughts and motivations are rarely stated . Most myths about them lack highly developed characters and plots , because the symbolic meaning of the myths was more important than elaborate storytelling .",1,1
"Many Egyptologists and anthropologists have suggested theories about how the gods developed in these early times . Gustave Jéquier , for instance , thought the Egyptians first revered primitive fetishes , then deities in animal form , and finally deities in human form , whereas Henri Frankfort argued that the gods must have been envisioned in human form from the beginning . Some of these theories are now regarded as too simplistic , and more current ones , such as Siegfried Morenz ' hypothesis that deities emerged as humans began to distinguish themselves from and personify their environment , are difficult to prove .",1,1
thanks Ryan &amp; Brad for scary the shit out of us in the first episode. Don't think my heart will make it through the s6,0,0
"Horses were first reported in the Kaimanawa Range in 1876 , although the first horses had been brought into New Zealand in 1814 . The feral herds grew as horses escaped and were released from sheep stations and cavalry bases . Members of the herd were recaptured by locals for use as riding horses , as well as being caught for their meat , hair and hides . The herd declined as large scale farming and forestry operations encroached on their ranges , and only around 174 horses were known to exist by 1979 . The Kaimanawa herd was protected by the New Zealand government in 1981 , and there were 1 @,@ 576 horses in the herd by 1994 . A small , mostly unmanaged population also exists on the Aupouri Peninsula at the northern tip of the North Island . Roundups have been carried out annually since 1993 to manage the size of the herd , removing around 2 @,@ 800 horses altogether . The Kaimanawa population is listed as a herd of special genetic value by the United Nations ' Food and Agricultural Organization , and several studies have been conducted on the herd dynamics and habits of the breed .",1,1
for your next series will u do a celebrity firefighting show and just chuck them all in a burning building and do the voiceover?,0,0
"After the storm , the island was rebuilt with further investments into tourism , shipping , and continued emphasis on higher education and health care . Notably the addition of the Galveston Island Historic Pleasure Pier and the replacement of the bascule @-@ type drawbridge on the railroad causeway with a vertical @-@ lift @-@ type drawbridge to allow heavier freight .",1,1
Yet again another night I should've stayed in,0,0
"It is a last resort taken only after all other means of putting an end to the "" grave damage "" have been ineffective .",1,0
"Of Human Feelings received considerable acclaim from contemporary critics . In a review for Esquire , Gary Giddins hailed it as another landmark album from Coleman and his most accomplished work of harmolodics , partly because of compositions which he found clearly expressed and occasionally timeless . In his opinion , the discordant keys radically transmuted conventional polyphony and would be the most challenging part for listeners , whom he said should concentrate on Coleman 's playing and "" let the maelstrom resolve itself around his center "" . Kofi Natambu from the Detroit Metro Times said Coleman 's synergetic approach displayed expressive immediacy rather than superficial technical flair while calling the record "" a multi @-@ tonal mosaic of great power , humor , color , wit , sensuality , compassion and tenderness "" . He found the songs inspirational , danceable , and encompassing developments in African @-@ American music over the previous century . Robert Christgau found the music heartfelt and sophisticated in its exchange of rhythms and simple pieces of melody , writing in The Village Voice , "" the way the players break into ripples of song only to ebb back into the tideway is participatory democracy at its most practical and utopian . """,1,1
Players with names in italics and marked * were on loan from another club for the whole of their season with York .,1,1
"today which can impact the signal, I'm afraid :-( Our engineers are working to have this resolved by this evening and you'll",0,0
"During the Bulls ' playoff run in 1993 , controversy arose when Jordan was seen gambling in Atlantic City , New Jersey , the night before a game against the New York Knicks . In that same year , he admitted to having to cover $ 57 @,@ 000 in gambling losses , and author Richard Esquinas wrote a book claiming he had won $ 1 @.@ 25 million from Jordan on the golf course . In 2005 , Jordan talked to Ed Bradley of the CBS evening show 60 Minutes about his gambling and admitted that he made some reckless decisions . Jordan stated , "" Yeah , I 've gotten myself into situations where I would not walk away and I 've pushed the envelope . Is that compulsive ? Yeah , it depends on how you look at it . If you 're willing to jeopardize your livelihood and your family , then yeah . "" When Bradley asked him if his gambling ever got to the level where it jeopardized his livelihood or family , Jordan replied , "" No . """,1,1
Ok but how are the fast &amp; furious movies NOT classified as comedy's?,0,0
"At age 11 , Fey read Joe Franklin 's Seventy Years of Great Film Comedians for a school project about comedy . She grew up watching Second City Television , and has cited Catherine O 'Hara as a role model .",1,1
"At 12:01, Tumblr became sentient. At 1.:02, Tumblr posted gn animated gif about it. At 12:03, Tumblr shipped itself.",0,0
"it can go one of two ways. You either get over it and accept it, because it's not going to change, or you mope about --",0,0
I think you should do. Get the fashion police involved.,0,0
last nigt i dreamt \nthat somebody loved me\nno hope no harm\njust another false alarm,0,0
just die depression.,0,0
all the bully,0,0
"A concave line of abrasion and polishing can be found on both one of the central kerb @-@ stones on the western end of the monument and a kerb @-@ stone on the south @-@ east of the monument . These have been attributed to the sharpening of flint and other stone axe @-@ blades on these sarsens . It is possible that these tools were sharpened for use in cutting and carving the timber levers and struts which would have been used in erecting the stones and constructing the tomb . Similar evidence for the sharpening of tools has been found at West Kennet Long Barrow , as well as later prehistoric monuments such as Stonehenge .",1,1
Now that's what I call a gameface!,0,0
Think Val might be going this week. I'll have to take the rest of the week off work to mourn. I'm sure they'll understand.,0,0
"After the abandonment of the city at the end of the Classic Period , many of the sculptures fell down the steep embankment supporting the seven terraces .",1,1
Bloody right,0,0
Having holiday blues! .,0,0
"- blood and mucus and he chokes and has to swallow, mirth cut too short. 'Wrong answer.' It takes some awkward movements -",0,0
Just love Matthew Parris! Political rage is good!,0,0
"We fear not the truth, even if it be gloomy, but its counterfeit.-Berl Katznelson",0,0
You ever just find that the people around you really irritate you sometimes? That's me right now,0,0
Connor said he's worried that Jack will steal his girls on a night out,0,0
don't provoke me to anger,0,0
is really going on?,0,0
"Only one in five Croatian Jews survived the Holocaust of World War II . Between 1948 and 1952 , nearly one half of the surviving members of Jewish Community of Zagreb opted for emigration to Israel , and the community dropped to one @-@ tenth of its pre @-@ war membership . The Yugoslav communist regime nationalized virtually all real estate owned by the Jewish Community of Zagreb , including the plot in Praška Street . All this , combined with the new regime 's general hostility toward religion , made reconstruction of the synagogue nearly impossible .",1,1
"On May 21 , 2013 , Jordan filed papers to change the Bobcats ' name to the Hornets , effective with the 2014 – 15 season . The Hornets name had become available when the original Hornets , who had moved to New Orleans in 2002 , changed their name to the New Orleans Pelicans for the 2013 – 14 season . The NBA approved the change on July 18 . The name change became official on May 20 , 2014 . On the same day , the team announced that it had reclaimed the history and records of the original 1988 – 2002 Hornets .",1,1
if your depressed and somebody calls you long faced will you still automatically take umbrage?,0,0
Why can't you just be mine.,0,0
Love your new show,0,0
Panda eyed jaunty after watching jaws until late!,0,0
Wah just woke up frm a fucking nightmare,0,0
"SPARKLES, proud little huff. Still posing mind you.",0,0
I really wanna take advantage of UofW's gym but i'm shy af.,0,0
they might get Donal g sure! They won't have him in cork as he's to fiery for dopey frank &amp; his cult,0,0
"Gerard finally made it up the stairs with a little huff, his face a little more red than it was before. Having little legs --",0,0
"By the end of the 19th century , the city of Galveston had a population of 37 @,@ 000 . Its position on the natural harbor of Galveston Bay along the Gulf of Mexico made it the center of trade in Texas . It was one of the largest cotton ports in the nation , in competition with New Orleans . Throughout the 19th century , the port city of Galveston grew rapidly and the Strand was considered the region 's primary business center . For a time , the Strand was known as the "" Wall Street of the South "" . In the late 1890s , the government constructed Fort Crockett defenses and coastal artillery batteries in Galveston and along the Bolivar Roads . In February 1897 , Galveston was officially visited by the USS Texas ( nicknamed Old Hoodoo ) , the first commissioned battleship of the United States Navy . During the festivities , the ship 's officers were presented with a $ 5 @,@ 000 silver service , adorned with various Texas motifs , as a gift from the citizens of the state .",1,1
"Cullen was a standout with BU ; he was named the East Coast Athletic Conference Rookie of the Year in 1983 – 84 after leading his team in scoring with 56 points . The National Hockey League passed him over , however , as he went unclaimed in the 1984 NHL Entry Draft . He was named to the Hockey East All @-@ Star Teams in 1985 , 1986 and 1987 , and a National Collegiate Athletic Association East Second Team All @-@ American in 1986 . He graduated as BU 's all @-@ time scoring leader with 241 points , and was named to BU 's Hockey East 25th anniversary team in 2009 .",1,1
"A month later , on May 14 , the Blue Jackets announced that Richards would remain as head coach and signed him to a two @-@ year contract . During the press conference , Howson noted , "" Our team continuously improved under Todd and he has earned the opportunity to build upon the work he started . "" Columbus posted an 18 – 21 – 2 record under Richards , including winning seven of their final 11 games .",1,1
23 pistols ( repaired mostly for troops in service ),1,0
"LOL! was just awarded the F bomb trophy on , :)",0,0
Time to go hit up the library - I have a lovely PILE of book reservations to collect this morning...,0,0
"Pietro Pamphili ( September 26 , 1766 ) – Cardinal @-@ Priest of S. Maria in Trastevere",1,1
"Giacomo Oddi ( September 9 , 1743 ) – Cardinal @-@ Priest of S. Lorenzo in Lucina ; Protopriest of the Sacred College of Cardinals ; archbishop of Viterbo e Toscanella",1,1
don't leave me,0,0
The hilarity of you people not realising that racism is racism regardless of whether one uses choice words is hilarious.,0,0
"On April 4 , 1991 H. John Heinz III , one of the US Senators from Pennsylvania , was killed when his chartered plane collided with a helicopter inspecting its landing gear . Under the Seventeenth Amendment to the United States Constitution , the legislature of each state has the power to permit the governor to fill the vacant seat until a special election can be held . In Pennsylvania , this power had been delegated , and Governor Robert P. Casey signed a writ on May 13 , 1991 , declaring November 5 the date for a special election and temporarily appointing Harris Wofford to fill Heinz 's now @-@ vacant seat . Under Pennsylvanian law , there was no need for a primary in such a situation ; instead , both the Democrats and Republicans would each internally select their candidate , who would run in the special election . John S. Trinsey Jr . , a member of the Pennsylvanian electorate and potential candidate , challenged the constitutionality of this law , claiming that it violated his rights under the Fourteenth and Seventeenth Amendments .",1,1
"In the 1920s she visited the United States , holding public meetings with immigrant communities from Scotland and Wales. and fund @-@ raising for the Socialist Party of America . She also visited Vancouver , where she encouraged migrant English domestic workers to unionise .",1,1
"The gold dollar or gold one @-@ dollar piece was a coin struck as a regular issue by the United States Bureau of the Mint from 1849 to 1889 . The coin had three types over its lifetime , all designed by Mint Chief Engraver James B. Longacre . The Type 1 issue had the smallest diameter of any United States coin ever minted .",1,1
"Galleys were effective as troop transports for amphibious operations , but were severely under @-@ gunned , especially in relation to their large crews ; a galley with a 250 @-@ man crew , most of whom were rowers , would typically carry only one 24 @-@ pounder cannon and two 6 @-@ pounders , all in the bow . The galleys also lacked decks and adequate shelter for the rower @-@ soldiers , many of whom succumbed to illness as a result of exposure during the war of 1741 – 43 .",1,1
"The successful opening night marked the climax of Wilde 's career but also heralded his downfall . The Marquess of Queensberry , whose son Lord Alfred Douglas was Wilde 's lover , planned to present the writer with a bouquet of rotten vegetables and disrupt the show . Wilde was tipped off and Queensberry was refused admission . Soon afterwards their feud came to a climax in court , where Wilde 's homosexual double life was revealed to the Victorian public and he was eventually sentenced to imprisonment . His notoriety caused the play , despite its early success , to be closed after 86 performances . After his release , he published the play from exile in Paris , but he wrote no further comic or dramatic work .",1,1
"So Chicago is clearly insisting that unless Dershowitz went to the originals , he was obliged to cite Peters . Finkelstein has conclusively demonstrated that he didn 't go to the originals . Plagiarism , QED , plus added time for willful distortion of the language of Chicago 's guidelines , cobbling together two separate discussions .",1,1
"The Norfolk Southern Railway mainline from Harrisburg to Buffalo , New York , runs through the center of Lock Haven . On the east side of town , it connects to the Nittany and Bald Eagle Railroad , a short line . Trains serving Lock Haven carry only freight . The City of Lock Haven operates the William T. Piper Memorial Airport , a general aviation facility with a paved runway , runway lighting , paved taxiways , a tie @-@ down area , and hangar spaces . No commercial , charter , or freight services are available at this airport .",1,1
"According to The Concise Oxford Dictionary of Music ( 2004 ) , Of Human Feelings features jazz @-@ funk , a type of music that originated around 1970 and was characterized by intricate rhythmic patterns , a recurrent bass line , and Latin rhythmic elements . Lloyd Sachs of the Chicago Sun @-@ Times wrote that , although Coleman was not viewed as a jazz fusion artist , the album can be described as such because of its combination of free jazz and funk . Glenn Kenny disagreed and felt its boisterous style had more in common with the no wave genre and the artists of New York City 's downtown music scene such as John Zorn . Jazz writer Stuart Nicholson viewed it as the culmination of Coleman 's musical principles that dated back to his free jazz music in 1960 , but reappropriated with a funk @-@ oriented backbeat . According to jazz critic Barry McRae , "" it was as if Coleman was translating the concept of the famous double quartet "" from his 1961 album Free Jazz to what was required to perform jazz @-@ funk .",1,1
"St. Leonard 's parish , named after Saint Leonard of Port Maurice , was organized in 1879 . A wood frame church was built in 1881 on the outskirts of Madison , and moved into the city in 1898 . In 1902 , the basement of the current church was built , and the congregation moved into it , converting the old church to a school . When funds allowed , the basement was extended , and the current brick church completed in 1913 .",1,1
"sadly, at least 3 more years of this. At what point will even the low info selfie lovers who voted for them say enough is enough",0,0
I gave up on the U20 Rugby bet on the Roosters!,0,0
would furrow and her face would redden as she protests; it would seem that being seen as unattractive in Wukong's eyes was,0,0
Got to be up in 4 hours to go back to work,0,0
Steve Jerome – engineer – 1984 release,1,1
Galveston Arts Center,1,0
"After Deconstruction and Ghost , Townsend announced a new album , Casualties of Cool , with which he started to work after the release of Epicloud . The album features Ché Aimee Dorval ( from Ki ) on vocals and Morgan Ågren on drums . Townsend described the album sounds like "" haunted Johnny Cash songs "" and "" late night music "" , highlighting it will be different than anything he has done before . Townsend referred the music of the album to be "" closest to his heart "" at this point of his life , and that it is an important and satisfying project he doesn 't want to rush .",1,1
"Flower Fairies of the Spring ; Blackie , 1923",1,1
Way towards be prominent if your exasperate is peaked?: TGMbNqUEe,0,0
"Between 4500 and 3800 BCE , all of the British Isles came to abandon its former Mesolithic hunter @-@ gatherer lifestyle , to be replaced by the new agricultural subsistence of the Neolithic Age . Although a common material culture was shared throughout most of the British Isles in this period , there was great regional variation regarding the nature and distribution of settlement , architectural styles , and the use of natural resources . Throughout most of Britain , there is little evidence of cereal or permanent dwellings from this period , leading archaeologists to believe that the Early Neolithic economy on the island was largely pastoral , relying on herding cattle , with people living a nomadic or semi @-@ nomadic way of life . Although witnessing some land clearance , Britain was largely forested in this period , and it is unclear what level of deforestation the area of Kent had experienced in the Early Neolithic ; widespread forest clearance only took place on the chalklands of south @-@ east Britain in the Late Bronze Age . Environmental data from the area around the White Horse Stone supports the idea that the area was still largely forested in the Early Neolithic , covered by a woodland of oak , ash , hazel / alder and Maloideae .",1,1
Thank you 4 giving me a free coffee for bringing my reusable cup to the airport because it was 1st time you saw one. But,0,0
"The country did not have a FIFA @-@ recognised youth national team until 2012 , when the Gambia under @-@ 17 women 's team competed in Confederation of African Football qualifiers for the FIFA U @-@ 17 World Cup , to be held in Azerbaijan in September 2012 . The Gambia had fielded an under @-@ 17 team of 24 players , narrowed from an initial pool of 49 young women . Two girls from the SOS Children ’ s Village Bakoteh were chosen as a members of the team . The Gambia first played Sierra Leone in a pair of qualifying matches for the tournament . Gambia won the first match 3 @-@ 0 in Banjul , the Gambia 's capital . The return match was delayed in for 24 hours and played in Makeni . The Gambia beat Sierra Leone 4 @-@ 3 to qualify for the final round . The Gambia then beat Tunisia 1 @-@ 0 at home and won 2 @-@ 1 in Tunisia . Adama Tamba and Awa Demba scored the Gambia 's goals . Tunisia 's only goal was a Gambian own goal . The win qualified Gambia for the 2012 Azerbaijan World Cup .",1,1
"Ancient Egyptian deities are the gods and goddesses worshipped in ancient Egypt . The beliefs and rituals surrounding these gods formed the core of ancient Egyptian religion , which emerged sometime in prehistory . Deities represented natural forces and phenomena , and the Egyptians supported and appeased them through offerings and rituals so that these forces would continue to function according to maat , or divine order . After the founding of the Egyptian state around 3100 BC , the authority to perform these tasks was controlled by the pharaoh , who claimed to be the gods ' representative and managed the temples where the rituals were carried out .",1,1
"Franz Christoph Freiherr von Hutten zu Stolzenfels ( November 23 , 1761 ) – Cardinal @-@ Priest [ no title assigned ] ; bishop of Speyer",1,1
he is.\nSure his mind was clouded but...],0,0
"James O. Freedman , the former president of Dartmouth College , the University of Iowa , and the American Academy of Arts and Sciences , has defended Dershowitz :",1,1
"In the writing of his novel , Qian Cai used a different character when spelling Zhou 's given name . Instead of the original character meaning "" similar "" , it was changed to 侗 , meaning "" rude or rustic "" . So , "" 周侗 "" represents Zhou 's distinct fictional persona . This spelling has even been carried over into modern day martial arts manuals .",1,1
which was worse than expected and hilarious too. no one will even remember.,0,0
Im really constipated. This is depressing,0,0
"Creutz served as an assistant director of the National Science Foundation from 1970 to 1977 , and then as Director of the Bernice Pauahi Bishop Museum in Honolulu , where he took particular interest in the museum 's preparation of a Manual of the Flowering Plants of Hawaii ' .",1,1
Gloriosa Bazigaga on work: 'I lost relatives in genocide but 15 yrs of peacebuilding has given me optimism it's within our power',0,0
She's foaming at the lips the one between her hips one of many great lyrics,0,0
"The font in St Andrew 's Church , South Croydon",1,0
"Fernandez has participated in several concert tours and televised award ceremonies . In 2013 , she performed at the Temptations Reloaded in Auckland , Perth , and Sydney alongside Shah Rukh Khan , Rani Mukerji , and Madhuri Dixit . She also performed at the live talent show "" Got Talent World Stage Live "" with Khan , Priyanka Chopra and Varun Dhawan the following year . In July 2014 , Fernandez opened a restaurant in Colombo , Kaema Sutra , in collaboration with chef Dharshan Munidasa , which specialises in contemporary Sri Lankan cuisine .",1,1
Got a situation over here,0,0
"In 1989 , the church , its 1912 rectory , and the rectory 's garage were listed in the National Register of Historic Places , as the work of noted Nebraska architect Jacob M. Nachtigall . A pupil of Thomas Rogers Kimball , Nachtigall designed a number of Catholic churches and other buildings in the state , several of which are also listed in the National Register .",1,1
"Madero also earned the great displeasure of other revolutionaries , including , Pascual Orozco . Madero 's first act after the treaty was signed was a gesture of reconciliation with the Díaz regime . As a result of the treaty he was given the right to appoint members of the la Barra cabinet . He chose mostly upper class Maderistas , including his wife for the post in the treasury . He also maintained the existing federal system , by keeping the sitting judges of the Supreme Court , the legislators in federal and state assemblies and the bureaucrats of the various federal agencies . Venustiano Carranza , who was going to become a major revolutionary in his own right and a future president of Mexico , stated that , after the treaty , Madero had "" deliver ( ed ) to the reactionaries a dead revolution which will have to be fought over again "" . Díaz , after leaving for exile in France , observed that "" Madero has unleashed a tiger , let us see if he can control him "" .",1,1
"During the Russian war of 1788 – 1790 , Sweden built three hemmemas of a new design . They were considerably larger , 44 @.@ 5 by 11 m ( 146 by 36 ft ) , and the number of oars were increased to 20 pairs . They also had some of the heaviest broadsides , even when compared with the much larger frigates of the high seas navy . The artillery officer Carl Fredrik Aschling had cooperated with Chapman to increase the main armament to twenty @-@ two 36 @-@ pounders and two 12 @-@ pounders , which increased the draft by about 30 cm ( 1 ft ) . The addition of diagonal bracers to reinforce the hull allowed the later hemmemas to carry guns more powerful even than those on the largest sailing frigates of the high seas navy . Due to their considerable firepower and relative size , naval historian Jan Glete has described the hemmemas as "" super archipelago frigates "" .",1,1
"Annoys me to about the Ortiz tribute too, how would the Oriole fans and organization feel if Yanks did that to them?",0,0
"Germany 's policy toward the Polish nation and its culture evolved during the course of the war . Many German officials and military officers were initially not given any clear guidelines on the treatment of Polish cultural institutions , but this quickly changed . Immediately following the invasion of Poland in September 1939 , the Nazi German government implemented the first stages ( the "" small plan "" ) of Generalplan Ost . The basic policy was outlined by the Berlin Office of Racial Policy in a document titled Concerning the Treatment of the Inhabitants of the Former Polish Territories , from a Racial @-@ Political Standpoint . Slavic people living east of the pre @-@ war German border were to be Germanized , enslaved or eradicated , depending on whether they lived in the territories directly annexed into the German state or in the General Government .",1,1
You ever just be really irritated with someone u love it's like god damn ur makin me angry but I love u so I forgive u but I'm angry,0,0
it's very telling that racist bigots always resort to the insult 'fag' like that's worse than being a racist bigot.,0,0
Top seed Johnson chases double delight at Tour Championship,0,0
Dolphins by David W. Moore,1,1
"The corn crake winters mainly in Africa , from the Democratic Republic of the Congo and central Tanzania south to eastern South Africa . North of this area , it is mainly seen on migration , but occasionally winters in North Africa and to the west and north of its core area in southeast Africa . Most of the South African population of about 2 @,@ 000 birds occurs in KwaZulu @-@ Natal and the former Transvaal Province , and numbers elsewhere in Africa are uncertain . There are several nineteenth @-@ century records , when populations were much higher than now , of birds being seen in western Europe , mainly Britain and Ireland , between December and February .",1,1
"Seven years after the outbreak began , a conference is held off the coast of Honolulu , aboard the USS Saratoga , where most of the world 's leaders argue that they can outlast the zombie plague if they stay in their safe zones . The U.S. President , however , argues for going on the offensive . Determined to lead by example , the U.S. military reinvents itself to meet the specific strategic requirements of fighting the undead : using semi @-@ automatic , high @-@ power rifles and volley firing , focusing on head shots and slow , steady rates of fire ( a tactic "" re @-@ invented "" by the Indian Army during the Great Panic ) ; and devising a multipurpose hand tool , the "" Lobotomizer "" or "" Lobo "" ( described as a combination of a shovel and a battle axe ) , for close @-@ quarters combat . The military , backed by a resurgent American wartime economy , began the three @-@ year @-@ long process of retaking the contiguous United States from both the undead as well as groups of hostile human survivors . Prewar military tactics and equipment are mentioned as being employed to deal with sometimes well @-@ armed and organized human criminal or rebel opposition .",1,1
im having the worst week ever and i cant even go home yet to just sulk in my bed,0,0
my momma irritate me asking all these questions like gone,0,0
not going to waste my energy holding a grudge against someone who wasnt even in my life a year XD \ntime to release those feelings of dislike,0,0
"get to ravis in suffern, ny. Great food, new , terrific atmosphere. Say 'twitter' to server and get free",0,0
"Jordan is the fourth of five children . He has two older brothers , Larry Jordan and James R. Jordan , Jr . , one older sister , Deloris , and a younger sister , Roslyn . Jordan 's brother James retired in 2006 as the Command Sergeant Major of the 35th Signal Brigade of the XVIII Airborne Corps in the U.S. Army .",1,1
"Ever been really lonely and your phone keeps blowing up, but you just cant pick it up and respond to people?",0,0
"Bartov , Omer . "" A Tale of Two Holocausts "" ( review of The Holocaust Industry ) , New York Times Book Review , August 6 , 2000",1,1
"Pro Tip: Go back to work when your kid reaches 20 mos old. Stay home any longer, and you'll be absolutely miserable with the .",0,0
Recommended reading: Prisoners of Hate by Aaron Beck,0,0
So is texting a guy 'I'm ready for sex now' considered flirting?',0,0
"In 1995 , Reines was honored , along with Martin L. Perl with the Nobel Prize in Physics for his work with Cowan in first detecting the neutrino . Unfortunately , Cowan had died in 1974 , and the Nobel Prize is not awarded posthumously . Reines also received many other awards , including the J. Robert Oppenheimer Memorial Prize in 1981 , the National Medal of Science in 1985 , the Bruno Rossi Prize in 1989 , the Michelson – Morley Award in 1990 , the Panofsky Prize in 1992 , and the Franklin Medal in 1992 . He was elected a member of the National Academy of Sciences in 1980 and a foreign member of the Russian Academy of Sciences in 1994 . He remained dean of physical sciences at UCI until 1974 , and became a professor emeritus in 1988 , but he continued teaching until 1991 , and remained on UCI 's faculty until his death .",1,1
