sentence,predicted_formality
What is this Miramar ?,0
It is a place in Argentina lol,0
what is a good slogan for an Argentinian restaurant ?,0
""" In Argentina , beef is revered , respected , and praised .",0
"Come see how we continue this tradition . """,0
A taste of Argentina .,1
Here are some articles that discuss the details of slogan writing .,0
Why certain slogans work and why some do n't .,0
You will find these helpful in writing a new slogan .,0
A Look at Slogans - http://www.small-business-software.net/look-at-slogans.htm,0
Unique Selling Proposition - http://www.small-business-software.net/unique-selling-proposition.htm,0
Good luck !,0
No Mad Cow --- Guaranteed !,0
Green Tea Or White Tea ?,1
Green,0
Green Tea .,1
Green tea,0
What language is talked in Iguazu ?,0
portuguese,0
spanish,0
Do you think there are any koreans in Miramar ?,0
Heck there must be at least 1 korean .,0
"No , but I do believe some Koreans reside in the country of HA - ha !",0
Does anyone know any good restaurants in cordoba ?,0
Not me sorry .,0
Does anyone know of any good food in iguazu ?,0
Not me sorry .,0
How come no one bothers to ask any questions in this section ?,0
I mean besides me of course .,0
Because obviously most people have never even heard of this section .,0
Someone had to be first .,0
I have never been there .,0
"well , I do n't ask questions here because I have no clue what "" Iguazu "" is ...",0
"Besides eating good foods , what else do people do in Miramar ?",0
"Well , they have a variety of sports that they play like basketball , soccer , etc .",0
Well they play the Wii like me :),0
"Do you prefer ham , bacon or sausages with your breakfast ?",0
Without a doubt ..... bacon ! :),0
thick cut bacon or really good sausages,0
with my breakfast I like bacon and sausage when I having a big breakfast like a grand slam with pancakes and the works .,0
Which do you prefer Crab or Shrimp ?,0
"I like shrimp , fried , grilled , or steamed .",0
crab,0
shrimp,0
Is Hank Green Awesome ?,0
The Hank Green I know is hardly awesome .,0
"He needs a shower , and he picks his nose all the time .",0
He is at his best when he is doing his Nerd impression ...,0
I have a Nacho Libre question .?,0
"When nacho is driving to cure the influenza guy does he say to the man with the cow i like your blouse or I like your cow because my friend thinks he says I like your blouse , but that would n't make sense .",0
"I know it s in the wrong catagory , but still , I wrote this question for a reason , not for you to critisize me .",0
"Okay , FIRST , you have posted a question about an American movie , set in Mexico , in the Dining Out in Argentina category .",1
Do you get what 's wrong with this picture ?,0
No ... that 's all .,0
No second .,0
"Nacho Libre is suppose to be inspired in Mexicans , not in Argentineans .",0
How much does it cost to buy a Big Mac meal in your area ?,0
Here in Indiana I think it 's like $ 3 or $ 4 for a meal .,0
Best POS system in Philadelphia ?,0
What is the best pos system I can buy in philadelphia pa ?,0
I need something reliable and good looking .,0
Prosperity POS makes the best pos systems .,0
I use them for my restaurant and always get compliments on the sleek look of the mac system not to mention how good the support is .,0
Do yourself a favor and give them a call .,0
http://www.prosperitypos.com?p=ya,0
mazzoni 's deli best italian food in phila pa ?,0
is mazzoni 's deli at 3901 conshocken ave in phila pa really the best italian food in the country ???,0
because all of the food blogs I ve read say so and I will travel from maryland if that s true,0
yep,0
What is the best place to get discounts for San Francisco restaurants ?,0
"I just moved into the city , and I 'm wondering if there 's a place I can get good deals on restaurants here .",0
I do n't want to have to deal with those deal - a - day websites like Groupon .,0
"I just want a simple way to get a good deal to whatever Restaurant I want , whenever I want .",0
"Any suggestions would be really helpful , thanks !",0
I usually use ZebraKlub .,0
"They basically buy daily deals from Groupon , Living Social , and all sorts of other places .",0
So you can pretty much get whatever deal you want anytime .,0
"Most of the deals let you eat for 500 ff , and some of the deals are even free .",0
"If you want to eat cheaply without worrying about all those daily deal emails every day , ZebraKlub should be perfect for you .",0
surprise romantic cheap date night san francisco ?,0
looking for a surprise spot to take my bf .,0
a bar would be nice but also something extremely unique .,0
i would like to have one of those super random surprisingly nice nights out ... suggestions ?,0
"o and the cheaper the better ( we are trying to save money now , sooo .. that d b helpful ) thanks",0
"Why not put together a bottle of champagne , a picnic and have a date on Treasure Island .",0
"Cheap , great view , time together .",0
There are plenty of cheap restaurants .,0
Try SanFranGuide.com,0
Dinner and dancing in Chicago ?,0
I 'm under 21 + and looking for a nice place to take my boyfriend out for dinner where they play music and there is a dance floor .,0
It 's okay if it 's a little pricier .,0
Any good suggestions would really be appreciated .,0
Rumba Room,0
is there any good places to get an ice - cream sundae from in Invercargill New Zealand ?,0
so i live in Invercargill New Zealand and i want to know if there are any good places to buy an ice - cream sundae from other than mc donald s lol,0
"Fast food chains , supermarkets , dairies",0
you live in NZ and you eat McDonald s ice cream ?,0
you 're mad !,0
"Any of the tip - top places have great ice - cream , get them to mix it up .",0
any Ice Cream In NZ no matter where as New Zealand has the best bl**dy ice cream in the world I was in NZ for a few weeks had some Ice Cream and really enjoyed it I will go back just to eat some Ice Cream,1
NZers : Have you decided who you 're going to vote for ?,0
And has this changed from previous years ?,0
I 'm just curious .,0
Bay of Plenty - Are you even old enough to vote ?,0
hahaha,0
not sure yet,0
"John Key , and no",0
Maybe Labour .,0
"John Key is too busy looking after his rich mates , while the rest of us pay .",0
"Yes , I have usually voted National .",0
I do see myself as a conservative,0
best burger chain in the Chicago area ?,0
which is the best burger chain in the chicago metro area like for example burger king portillo s white castle which one do like the best ?,0
Red Robin .,0
Onion Rings are great and the fries are endless .,0
Fudrucker s .,0
idk ur choice,0
Chain ?,0
Does 5 make a chain ?,0
Hackney 's has a great burger formula that started about 80 years ago .,0
There are currently 5 locations :,0
http://www.hackneys.net/,0
The latest spot for a real Hackney 's is Printers ' Row :,0
http://www.hackneysprintersrow.net/,0
See what DD & D showed at the original place on Harms Rd in Glenview :,0
http://www.youtube.com/watch?v=q2lDF0XU3NI,0
Along with the great burger try a brick of onion rings if you are with someone .,0
Otherwise a 1/2 brick will be fine :,0
http://www.flickr.com/photos/jellybeanjill13/532522805/,0
in n out of the chicago area ?,0
which burger chain do you think is as good as in n out or better in the chicago area besides five guys and smashburger ?,0
How much would it cost for me to take me and three friends to Andiamo s restaurant for dinner ?,0
"Hi , i 'm looking to take myself and my best friend and his girl friend and this girl i really like out to dinner for my birthday .",0
I really want to go to andiamo s for my birthday and i was just wondering how much it would cost for the four of us to eat there,0
Have no idea what kind of restaurant this is or where it is .,0
Best count on $ 50 per person no matter what .,0
Or more if you have drinks .,0
Where can I go on a first date ( adults ) ?,0
Looking for something on the casual side and we want it to be fun .,0
"May seem a little silly , but , taking a long ride on the Metra system or the "" L "" system is a great way to see the city and sites without spending a fortune .",1
"Or how about visiting the Chicago Botanical Gardens and see the change of colors and enjoy the air , They also have many inside exhibits you might enjoy , food is pretty good to .",0
go 2 starbucks do nt spend more than 20 bucks :),0
"Bike ride in the park , followed by coffee .",0
"You are busy , you do n't have to sit face to face to try",0
"to make convo , it 's short , so if things go great , you can",0
"extend , and if you want to end it , you just say bye ,",0
got ta go .,0
24 hour fast resturants near by ?,0
"Well there s Mc. Donald s , Taco Bell , Burger King .....",1
But my resturant is way better than all of them ... and it 's quite close .,0
It 's just up the highway and right around the corner ....,0
Nearby what ?,0
"Loop , North Side , South Side , near suburbs , far suburbs ?",1
Chicago 's a big area .,0
PORTILLO 'S OR WHITE CASTLE ! :D,1
Name of specific Hibachi restaurant in Chicago ?,0
"I have a friend out in Chicago this week , and I am trying to remember the name of an awesome hibachi style restaurant i visited while out there a couple years ago .",0
I think it was in the Lincoln Square area but do n't quote me on that .,0
It's ' gimmick ' was that you fill your bowl cafeteria - style from raw ingredients and leave it on the counter with a chopstick listing your table number on it .,0
"Four guys around a large square open hibachi cook your food , and when it 's finished a server brings it to your table .",0
All - you can - eat style deal .,0
It was pretty epic as I remember and would love to send my friend there .,0
Any help ?,0
That is Flat Top Grill,0
Arriving in Auckland on a direct flight from Canada .?,0
Will we be allowed to take duty free bottles onto our connecting flight to Christchurch ?,0
In our hand luggage or do we have to put it into our checked luggage ?,0
Yes .,1
I do n't think it matters,0
We 'll see you on ' Border Patrol ',0
"Yes you can carry your duty free bottles , and liquids onto your connection as it is only a domestic flight :-)",0
What are some Major land forms in Ireland ?,0
"Mountains , cliffs , peat bogs , valleys",0
"out of carnival , royal caribbean , and norweigan ( cruises ) which is the best and why ?",0
I prefer Royal Caribbean out of all these .,0
There is so much to do onboard .,0
"The new NCL Epic does sound amazing , although I have n't sailed on her yet .",0
None of the above .,0
"Of THESE three , it 's a toss - up between Royal and Carnival .",0
"NCL is a notch below either , in terms of quality and service .",0
need help finding irish music ?,0
i love The Script and know the re from iraland .,0
i would like more bands like them pleasseee,0
"The thing about The Script is they do not sound that Irish , I was surprised to hear they were from Dublin .",0
"Well if you are interested , I suggest you have a look at General Fiasco , Two Door Cinema Club and Wallis Bird .",0
I think you will be pleased .,0
"I doubt you will get a sensible answer in the "" TRAVEL "" section .",0
* Ireland,0
And there 's nothing distinctly Irish about them .,0
You 'd find similar bands to them that are from the UK and US .,0
Name something you find at a carnival that comes on a stick ?,0
Cotton Candy,0
Corn Dog,0
Candy Apple,0
Meat Kabob,0
Ship on a Stick ( Prize at various trivia type contests on board . ),0
All of those ;D,0
Monkey Brain .,0
What country are we talking about ?,0
I like my Monkey Brain on a stick for sure .,0
what is the fall of hanoi ?,0
can anyone tell me exactly what it is and what took place ?,0
I ca nt find any information about it,0
When the French returned to Indochina at the end of WW II the Viet Minh were in control of the Red River Delta .,1
They chased the Communists out of the capital ( Hanoi ) and retook control .,0
Is that what you are referring to ?,0
You need to check out the French Indochina War ( 1946 - 1954 ) not the Vietnam War ( 1957 - 1975 ) .,1
Which wonderful contact of mine is thumbs upping all my best answers ^^ ?,0
=),0
why are there two statues of David ?,0
"i doing a research paper on donatello and i notice that there are two statues of David , a bronze one and marble one .",1
Michelangelo made the marble one but why did he do another if Donatello had already made one ?,0
"so i m a little confused , why is there two statues of David ?",0
"different generations , the donatello is of a boy david as a young sheep Herder , the Michelangelo is the grown up man david as slayer and king",1
Because he liked making statues of David ! :D,0
"Obviously , he should have been arrested and jailed - imagine making a statue or painting on the same subject as another artist - clearly insulting and disrespecting - wasted time that could have been used making a statue with clothes on .",1
how do you mold silicone or rubber into a mermaid tail ?,0
Carve one in your chosen medium .,0
Make a mold .,0
Cast .,1
"Depending on scale , just buy a fish and make a mold from that",0
They sell these kits in most hobby and craft stores .,0
how many ounces in a pint in ireland ?,0
Depends of what .,0
"Ounces measure weight , pints measure volume .",0
"If you mean fluid ounces , 20 , as opposed to the 16 in America .",0
An Irish pint is larger than a US one .,0
20 fluid ounces in a Pint in Ireland,0
"as R - G said , there are only 16 in an American one .",1
"Know this well because I remember an ' irish ' pub in the town in canada i grew up in used to advertise the cheapest pints of guinness in town , but they served them in american sized pints .",1
That place did n't stay open too long :D,0
Has anyone ever worked for steiner leisure cruises ?,0
I 'm considering taking a job with Steiner and noticed I have to pay for all my travel .,0
Was wondering if anyone knew a rough estimate of how much it costs with travel and training,0
I have n't personally but I know a couple of people who have .,0
Wendi has worked for them have a look at her blog .,0
I need suggestions for San Francisco restaurants with good food and good catering service .?,0
I need suggestions on restaurants in San Francisco with good food and good catering service .,0
I have two upcoming events one is for 200 and another is for 21 .,0
"American Food , Soul Food , Mexican , Italian , and Chinese are the options .",1
Here is a great list of different restaurants in San Francisco,0
http://sanfranguide.com/restaurants/,0
"well since i do nt know your budget , i recommend Hakka Restaurant for chinese food",0
it s cheap and it s good !,0
prime ribs have very good food but it s super expensive,0
try yelp.com,0
Do you know the online streaming link for Red FM 93.5 delhi ?,0
any format url ?,0
Υes .,1
how much does it cost to join world resorts international ?,0
could not find any info online,0
email them at address below,0
E-mail : memberservices@worldresortsinternational.com,0
m,1
What 's the best time to start a trip around the world ?,0
"Well , I 'm about to graduate in less then a year , and I 'm planning to study medical school .",0
"But since in my country it lasts for minimum 6 years , and I want to go aground the world , what do you think , should I do it before or after medical school ?",0
"If you can afford to go before , then by all means , GO .",0
"If you have to wait , due to financial reasons , then wait .",0
I would much rather put it off until I can afford to have the vacation of a lifetime as I 'm sure this trip is intended to be .,0
Airfare alone will be incredibly expensive so make sure you have the money and of course free time to take your time and have a great time .,0
Where to buy bodybuilding supplements in Delhi ?,0
Any particular shop that you know of AND their number .,0
"Atal Pharmacy , Karol Bag .",0
kindly contact laxmi nagar zim in delhi ..,0
how fare of kolkatta ?,0
kolkatta is an Indian State .,0
lol ... Kolkata is not for sale !!!!!!,0
roflmao,0
What do you think of Air France ?,0
I love Air France !,0
Their service is top - notch and I especially love the free French champagne served even in Economy .,0
I also find their food way better than many other airlines .,0
Plus you land in a preferential terminal ...,0
I go out of my way to use Air France .,0
expensive,0
"USPS Delivery in Auckland , NZ ?",1
I have ordered Bose Headfones worth 300 USD .,0
They have been shipped using USPS Priority Mail International Parcels .,0
will i have to pay customs in NZ .,0
it s a gift from my brother .,0
why will hav to pay customs if it is a gift ... ??,0
i always thought there s no custom charges for gifts .,0
Yup .,1
"Yes , you must pay customs duties .",0
jay is it necessary to varnish my oil paintings or just leave them be ?,0
thx for your ans .?,0
"As in the old days , varnish is often used as a protective film against years of dirt , grease , smoke , etc .",1
canon t2i stops working ?,0
"My canon t2i stops working at times as in the power bottom is switched to "" on "" but the camera does not respond to any function .",0
the camera only begins to work again when i take out the battery and put it back in .,0
did anyone have this issue ?,0
is it worthy to send in for warranty repair ?,0
thanks !,0
Sounds simple enough to me .,0
"Your camera is n't acting normally , you got warranty , let Canon deal with it .",0
I would agree .,0
I shoot a t1i and have n't had such an issue .,0
I also agree it 's under warranty so get in touch with Canon .,0
It sounds like a firmware issue and the camera requires a re-boot just like what happens in a computer - needs a re-start from time to time but it should n't be happening in a camera .,0
Call Canon,0
What would you call the device that hold up your photography backdrop ?,0
and where can I find them ?,0
Background support systems .,0
Or background stands,0
buy them in any good photography supplies shop .,0
frame,0
thumbs down ???,0
odd considering this is a search on the net :,0
http://www.google.co.uk/search?q=backdrop+frame&ie=utf-8&oe=utf-8&aq=t&rls=org.mozilla:en-US:official&client=firefox-a&safe=active&sout=1,0
Backdrop stand .,0
Google the term or find photography supplies websites and put it in the search box ( or look for studio equipment supplies ) .,0
Who is artist Gunther Uecker ; explain ?,0
http://www.kettererkunst.com/bio/GuntherUecker-1930.shtml,0
His work,0
"http://www.google.com/search?hl=en&rlz=1G1GGLQ_ENUS359&q=gunther+uecker+biography&gs_sm=c&gs_upl=484l484l0l5093l1l1l0l0l0l0l328l328l3-1l1l0&um=1&ie=UTF-8&tbm=isch&source=og&sa=N&tab=wi&biw=1221&bih=756&sei=XVG5TqrrGoXK2AXG0ry-Bw#um=1&hl=en&rlz=1G1GGLQ_ENUS359&tbm=isch&sa=1&q=gunther+uecker+artist&pbx=1&oq=gunther+uecker+&aq=1S&aqi=g1g-S3&aql=&gs_sm=c&gs_upl=10219l10219l0l13797l1l1l0l0l0l0l125l125l0.1l1l0&bav=on.2,or.r_gc.r_pw.,cf.osb&fp=13ddcdc64cbf5fd&biw=1221&bih=756",0
Courage the cowardly dog ?,0
"In the Episode "" So in Louvre Are We Two "" , How many diffrent painting / scupltures are their and who are the artists ?",0
Link to video : http://www.livevideo.com/video/C8F5BBEC570C4A4DBC326F694D79942A/courage-the-cowardly-dog-so-.aspx,0
You should really ask this in the art section .,0
They re probably just drawn for the show anyways .,0
Can you use the ' find my phone ' feature to track someone else 's phone ?,0
"You 'd need their Apple ID and password , if you had that then yes you can track any iPhone .",0
"What are "" good "" speakers ?",0
"I 've been looking at the bose sound dock 10 i ve currently got a jvc mini hifi system , i was wondering what would be a good set of speakers .",0
I like music very loud and with a lot of bass .,0
"also i was wondering , is it true that the bigger the speakers are the better .",0
thanks,0
B & w .,1
Bose is not good,0
I have a Kodak Camera ( 10.2 Megapixels ) ... Kodak AF 5x OPTICAL LENS ... how do I pause it while recording ?,1
I have a Kodak Camera ( 10.2 Megapixels ) ... Kodak AF 5x OPTICAL LENS ... how do I pause it while recording ?,1
"You do n't ... there 's no such thing as "" pause "" in digital recording .",0
That 's because of the buffer that holds the data until it 's ready to be recorded to the memory card .,0
When you press the button to stop recording the data is moved from the buffer to the memory card - no pause .,0
All you can do is take each section ( individual video ) and edit them together on software .,0
I need creative art ideas ?,0
What are some cool ideas for making a postor usint the word MAD on a white paper in a weird or artsy way ?,0
"The actual word "" MAD "" has to be on the cover and incorporated into the image .",1
"MAD means crazy , or angry , so you do a lot with it , i would put a gorrilla screaming , just the face , and just throw in a lot of brushes fifferent colors , make it look artistic .",1
use photoshop .,0
tttthhhhh Madonna !,0
Which Compact System Camera Should I Get ... ?,0
I 'm looking for a camera that has really good zoom during a video and pictures ; and good quality pictures / videos,0
I 'm planning on buying a compact system camera at best buy ; so please list the one ( s ) I should purchase .,0
Also how much do compact system cameras drop on boxing day ?,0
** and i can upload my pictures and videos on the computer ( facebook ),0
have a look at sony wx10,0
Will USB cell phone chargers still charge even if they 're hooked up to a computer that is turned off ?,0
Mine does .,0
I have the HTC Evo .,0
depends on the computer,0
"if the computer is completely shut off , the USB ports are n't getting power , so they wo n't charge your phone",0
"many PCs have sleep & charge now , that allow the PC to go into sleep mode , and still allow the USB ports to charge things like phones .",1
if i preorder a game at gamestop can someone else pick it up for me ?,0
i put $ 5 bucks down for it too .,0
no they wo nt be able to some gamestops do nt check ID for the pre-order so some ppl can get away with doing this but a lot of store want to see your id and / or your reciept of the pre-order,0
Can police trace a cell phone even if it is switched off ?,0
Can police trace a cell phone even if it is switched off ?,0
Yeah you got ta burn it .. that s the only way,0
"Yes , they all have secret locator chips , just like gps",0
Yes .,1
Fun picture websites (: ?,0
I 'm looking for websites like flickr.com tumblr.com and autocorrects.com but ones that are n't very common and have a variety of funny pictures !,0
Please give me lots of links and places to look !,0
Thank you (:,0
Ifunny.com,0
"Studying in Quebec , Canada ?",0
"If I went into the "" pre-university "" direction with business administration in mind .",0
Say after I finished those 2 years and I found a job .,0
would I be able to go back to school after a year break at a university to get a Bachelor s degree in business administration ?,0
Any information would help .,0
Thank you,0
You should be able to no problem .,0
Universities will take you whatever age you are .,0
weather in december in Tremblant ?,0
Typically it 's cold .,0
"There may or may not be snow , depending on local weather conditions .",0
"In the ski resort areas , there will likely be man - made snow on the slopes .",0
Cheapest airline ticket from Raleigh to Philippines ?,0
"I 'm going on a vacation to the Philippines in May 2012 , and I 'm starting from Raleigh , NC ( RDU Airport ) .",0
Which airlines should I look into and when should I buy my ticket ?,0
The sooner the better but I 'd probably wait until after the holidays .,0
Use Travelocity or Expedia and see what you come up with .,0
My friend goes to the Phils every 6 months or so and she has found that Korean Air has had the cheapest fares lately .,0
"Raleigh to Chicago , Chicago to Seoul and then Seoul to Manila .",0
Compare compare compare - that 's the key to getting the best deal .,0
Ask a travel agent !,0
"On my last 6 trips here from the states I used "" Fly genesis "" based in Seattle , Wa .",0
They gave the best service & rates I could find .,0
What 's the difference between Indian and African ringnecks and alexandrine parrots ? ?,0
"I was fixing to buy an indian ringneck , did a bunch of research , ( I 'm a very experienced bird owner , macaws , cockatoos , amazons ) ,",1
And noticed two other breeds that look a lot alike .,0
So does anyone know what the difference is ?,0
Thanks,0
my lhasa apso hind legs are not working ?,0
for the past few days she has been shivering and wo nt eat but she could walk now her hid legs are not working but she is back to her self .. what should i do .?,0
just pray for her ad=nd try to hlep your dog and do some physical therapy on the hind legs and take her to the vet and ig it costs a whole lot ask hlep from you friends and family adn since she s not eating feed her by hand,1
Take her to the vet .,0
obviously take her to the vet,0
"I decided to get a 150 gal aquarium , what can I fill it with ?",0
I was thinking cichlids ?,0
Possibly a freshwater tank with a ton of different species in there .,0
I 've never kept cichlids though .,0
"I know saltwater is a possibility , can you give me a possible stocking option for that too ?",0
I 'll choose the one that sounds the best after looking into all the fish :),0
Here is the stocking for my 150 gallon tank i upgraded it to 200 at the weekend because of the clownloach A 200 gallon with 6 pairs of Breeding Angel fish fire mouth honey Gouramis 5 8 inch clownloach a Krib and 5 1 inch clown loach with 16 cory cats 5 Australian Rainbows,1
If you took out the clown loach it would make a nice 150 gallon tank .,0
fill it with water :) lol,0
for a tank that size i would suggest oscars or piranha every time awesome fish !!,0
Does a pacman absolutely need a uv lamp ?,0
Or maybe something humid or heat ?,0
I assume you are talking about a pacman frog .,0
"No , technically they do not need a UVB light ; they are nocturnal .",0
"However , it certainly would n't hurt if you wanted to provide one .",0
A pacman frog will need a heat source that creates a basking temp in the upper 80's F for at least 10 - 12 hours a day .,0
do n't forget to use a calcium supplement twice a week ; captive reptiles are prone to calcium deficiency .,0
Women 's rain coat ... where can I find one ?,0
"I 'm going on a trip to Europe soon , and I need to find a good , quality raincoat .",0
"I 've looked and looked , but can not find one anywhere !",0
"I would prefer a simple , fitted black one .",0
It actually needs to be relatively waterproof - the last one I bought had me soaked in anything more than light / moderate rain .,0
I 'll pay up to 200 - 250 for it if I have to .,0
Look on the debenhams website,0
in the craghoppers section,0
they do some good waterproof raincoats,0
here s the link :,0
http://www.debenhams.com/women/craghoppers#catalogId=10001&lid=//productsuniverse/en_GB/product_online0Y/categories%3C0productsuniverse_186610/brand_description0.000000E+000craghoppers0/categories%3C0productsuniverse_18661_186820&ps=default&sfn=Categories&sfv=Coats+%26amp0+jackets&storeId=10001,0
My dog has threw up yellow bile for two days but does not have dhirea .,0
What should I do ?,0
I 've tried bland white rice but he wo nt eat anything .,0
What could it be ?,0
Should I be concerned ?,0
Call a vet would be a good idea with a sick dog,0
VERY CONCERNED !!!,1
plz bring your dog to the vet ASAP !!!,0
esp if not eating - if it had only happened once and could get him to eat right away - it could have been you missed his meal time and he needed to eat - since it sounds like it has happened several times over two days - then he may have gotten int to something that needs to be attended to RIGHT AWAY !!!,1
or has acquired some type of disease and that too needs to be attended to ...,0
yeah i got yelled at also .,0
i tried to say i was n't that drunk but z was n't having any of that conversation .,0
she told me that after friday and saturday she felt i was slowly regressing .,0
then i told her i felt i should be able to screw missy just once .,0
she said that was ok .,0
"Did you get in as much trouble as I did this weekend - Lori seems to think I need to get help - I told her it 's normal to drink all day at a bar , then go to dinner where you do n't know half the people there and proceed to get extremely fucked up",0
******************* Internet Email Confidentiality Footer *******************,0
Privileged / Confidential Information may be contained in this message .,0
"If you are not the addressee indicated in this message ( or responsible for delivery of the message to such person ) , you may not copy or deliver this message to anyone .",0
"In such case , you should destroy this message and kindly notify the sender by reply email .",0
Please advise immediately if you or your employer do not consent to Internet email for messages of this kind .,0
"Opinions , conclusions and other information in this message that do not relate to the official business of my firm shall be understood as neither given nor endorsed by it .",0
Job ID : J12746KM,1
Job Title : Attorney,0
"Location : Houston , Texas USA",0
Compensation : $ 60000 - 70000,0
Description :,0
Our client is a small law firm that is looking for an individual to join their team handling toxic tort with some minor PI defense .,0
"They offer an exceptional compensation package including a healthy salary , comprehensive benefits program , and ample room for associates to grow within the firm .",0
KM,1
Requirements :,0
You 'll be able to use your 1 - 4 years of experience with Toxic Tort to complement your desire to stay with the firm .,0
Company :,0
"Marvel Consultants , Inc. 28601 Chagrin Blvd. Cleveland , Ohio 44122 USA Email : recruiters@marvelconsultants.com < mailto:recruiters@marvelconsultants.com > Phone : 216-292-2855 Fax : 216-292-7207",1
thanks,0
"I 've thought about you a few times in the last few months , did n't want to intrude upon an already bad situation with my bullshit questions .",0
I 'm hearing some pretty depressing stuff from the people I know at ENE .,0
I wish I had the capital to open my own shop ?,0
there will be talent and opportunity a plenty on the market soon .,0
I 'll ask around ?,0
"I 've got some friends at Duke and Dynegy from B - school , the Gianoucous ( spelling ?? ) brothers ( John and Dimitri ? from elementary school ) started their own outfit a while back , and my old man is at Schlumberger and has good contacts in general ( if you are n't married to a trading environment ) .",1
"Give me a few days , and I 'll be in touch .",0
Michael,0
you guys have any job opening for ex natural gas traders that made their now almost defunctc ompany over 40 million in the last two years ?,0
not sure how much longer ene is going to be around and i 'm checking out my options !,0
"not sure , but i assume that the bluegrass songbook is mine .",0
is it for guitar ?,0
I 'll need to ponder .,0
I 'll try to get back to you pronto .,0
FYI .,1
We have this report ?,0
Hi David :,1
Thought that you might be interested .,0
"Best ,",0
Jeff,0
"Well , he launched today .",0
Have you seen the materials from the press conference that he launched today ?,0
"I think this is actually a good thing -- makes our proposal look like a much more preferable alternative by comparison , makes our support in the process more important , and sets Harvey up as the Ralph Nader equivalent in the election to fix California 's broken system --- a potential spoiler .",1
Hi .,1
"Well , would n't you know it .",0
"I 'm not driving tonite , but I bet that we could hitch a ride back with Anil .",0
"I 'm not sure , but I think that he 's got class tonite , too .",0
I 'll search him out before class or after that break and see if I can set it up .,0
Michael Olsen@ENRON,0
12/07/2000 02:29 PM,0
"Daren ,",0
I was wondering if it would be OK for me to sit in with you one day to get a general feel of your end of the process .,0
Pat had told me before he left that it would help me better grasp the process as a whole .,0
"I understand the imminent cold weather is making things crazy , so now may not be the best time to be in your way .",0
"But let me know if I can spend a day , morning , or even just an afternoon down there with you whenever it is a good time .",0
I think it will help me very much in my role .,0
Thanks .,0
Mike,0
The new fixed price deal with Equistar is # 365013 .,0
D,1
Daren,0
"We just did a deal for the rest of the month for 10,000 / d at meter # 1552 QE - 1 @ $ 4.355 .... can you let me and Robert Lloyd know what the sitara # is ?",1
Thanks,0
"Melissa ,",0
I show that we also had 20.000 at LS HPL for the 13th .,0
Daren,0
"August 11 , 2000",0
Teco Tap 108.333 / HPL IFERC ; 20.000 / Enron,1
LS HPL LSK IC 20.000 / Enron,1
"August 12 , 2000",0
Teco Tap 85.000 / HPL IFERC ; 20.000 / Enron,1
LS HPL LSK IC 20.000 / Enron,1
"August 13 , 2000",0
Teco Tap 32.500 / HPL IFERC ; 20.000 / Enron,1
I 'm working hard for you !,0
Now at 83.5 .,0
"I need a new lawnmower , so I 'll try to bump it up a little more .",0
Hope you 're doing good .,0
D,1
???,0
KEEP UP THE GOOD WORK .,1
?,1
WE AT HOME LOVE IT AT $ 80 +++,1
?,1
KEN,1
These have been sold .,0
"Geoff ,",0
Thanks for the pictures .,0
Looks like the kids had a great time !,0
"I hope you do n't mind , but I 've taken liberty to turn them into a web photo album at http://24.27.98.30/pictures/08-05_Garrett_Gayle_Bday .",0
"If you want to pass this web site address along to other folks , feel free .",0
"If you want a CD copy of this web site , give me a yell .",0
"Thanks ,",0
"Ram Tackett , ( mailto:rtackett@abacustech.net ) Owner , Abacus Technologies 17611 Loring Lane , Spring , TX 77388-5746 ( 281 ) 651-7106 ; Fax ( 281 ) 528-8636 Web : http://www.abacustech.net",1
- Ram Tackett ( E-mail ) .vcf 4222,1
"Vince ,",0
"We are still trying to work the PSE swap transaction , now that the forex desk has been able to find a fix for CPI in the market .",0
"Further to my voicemail , our colleagues in credit are calculating the reserve on the PSE swap .",0
They are currently using 9.5 % fixed based on the 1 year implied volatility .,0
Volatility of USD / DM has been in the range of between 7 % and 11 % .,1
Can one of your research staff justify a suitable 20 year volalatility number for USD / Euro .,0
"Ideally , we would like a fast turnaround .",0
"In addition , is there someone who could consider the correlation between US CPI and the $ / euro exchange rate .",0
The credit guys are currently assuming that there is no correlation and may consequently be double dipping the credit reserve on this basis too .,0
Grateful for any help or suggestions you could provide .,0
Sid,1
"Vincent ,",0
I met you at the Risk conference last week in Houston .,0
I enjoyed your presentations very much .,0
I was wondering if you could give me some references regarding the calculation of correlation coefficients from a GARCH model .,0
Thank you .,0
"Magali Van Belle Consultant PHB Hagler Bailly MANAGEMENT AND ECONOMIC CONSULTANTS PHB Hagler Bailly , Inc. ( 202 ) 828-3933 direct dial 1776 Eye Street , N.W. ( 202 ) 296-3858 facsimile Washington , D.C. 20006-3700 mvanbell@haglerbailly.com e-mail",1
"Vince ,",0
Are you going to be able to make the power VAR meeting on Thursday ?,0
Frank,0
"Sheridan ,",0
I have just checked with RAC ( David Gorte ) and we have a green light to go ahead with the project .,0
I shall you tomorrow to discuss the details .,0
Vince,0
Sheridan Titman < titman@mail.utexas.edu > on 01/24/2001 02:45:50 PM,0
Vince :,0
I just wanted to check with you regarding the consulting arrangement we discussed a couple of weeks ago .,0
"Perhaps , we should start with just a 1 or 2 day contract where I give some thoughts to the kind of issues that we discussed and come to Houston to present my preliminary thoughts and possible avenues for additional work .",0
"regards ,",0
Sheridan,0
"Sheridan Titman Department of Finance College of Business Administration University of Texas Austin , Texas 78712-1179 512-232-2787 ( phone ) 512-471-5073 ( fax ) titman@mail.utexas.edu",1
"Bryan ,",0
Did you have a chance to take a look at the resume I sent you ?,0
He looked like a great guy for your group .,0
Vince,0
"David ,",1
A reminder .,0
We discussed a few days ago a consulting arrangement with Prof. Sheridan Titman from UT .,0
Any feedback from Rick Buy ?,0
"Please , let me know .",0
42299,0
Vince,0
Kevin Kindall@ENRON,0
01/24/2001 03:51 PM,0
Per our conversation yesterday ...,0
"Hi Kevin ,",1
Further to your call attached is a presentation I gave at the Canadian Risk Managers Conference in Edmonton in the fall of 2000 .,0
I 'll try and send one of Peter Cox ' as well but may have some problems due to file size .,0
"In any event , my presentation should give you a starting point .",0
Mike,0
- Cfoforum.ppt,0
"Darrell ,",0
Thanks a lot .,0
A quick question : we have n't received your invoice for the last few model / paper reviews .,0
"Please , make sure that we are billed .",0
Clewlow / Strickland book is out .,0
I shall send you a copy today .,0
Vince,0
Darrell Duffie < duffie@Stanford.EDU > on 01/24/2001 03:17:01 PM,0
Please respond to Darrell Duffie < duffie@Stanford.EDU >,0
Vince / Taiichi,0
"In case you are interested , I attach this paper on gas Storage value modeling .",0
"Best ,",0
Darrell,0
_____________________________________________,0
Darrell Duffie mail GSB Stanford CA 94305-5015 USA phone 650 723 1976 fax 650 725 7979 email duffie@stanford.edu web http://www.stanford.edu/~duffie/,0
_____________________________________________,0
- Paper4.pdf,0
"Al ,",1
I have spoken with Mark Lay and he is interested .,0
"Even if we can not help you here in Enron , he may be able to put you in touch with other CV groups in town .",0
"Please , call him directly and give my name as a reference .",0
( 713 ) 853-7408,0
Good luck .,0
Vince,0
Vince J Kaminski,0
01/24/2001 11:21 AM,0
"Al ,",1
I have called Mark Lay and left a message on his voice mail .,0
Vince,0
Al Arfsten < arfsten@bflassociates.com > on 01/24/2001 11:16:25 AM,0
Vince :,0
Your suggestion to introduce the concept discussed with one of the Lays is welcomed .,0
I hope that this would mean that you would remain involved at some level .,0
The design of the model and its potential economics could be key to how worthy the effort might be .,0
Enron could be an ideal environment from which to the concept enhancement through to commercialization could be successfully accomplished .,0
Please confidentially share matters as you think best and advise me of the interest generated .,0
I am ready to meet there at your building or elsewhere that is appropriate .,0
"Best regards ,",0
Al Arfsten 713 965 2158,0
"Martin ,",0
No problem .,0
"Please , ask Stinson as well .",0
Vince,0
"I thought that since Chonawee has an optimization background , he would be good to have him go to dinner with Dr. Lasdon on Thrusday as well .",0
Would this be fine ?,0
"Thanks ,",0
Martin,0
These guys tried the Ken Lay route .,0
Now they are part of your working group .,0
Hilary E. Ackermann Goldman Sachs Credit Risk Management & Advisory Phone : 212-902-3724 Fax : 212-428-1181 E-Mail : hilary.ackermann@gs.com,1
Dear Mr. Lavorato :,0
"Following up on your and Ken Lay 's conversation with Gary Cohn , I would like to forward the following proposal , acting for each of Goldman Sachs Capital Markets and J. Aron .",0
Hilary E. Ackermann Goldman Sachs Credit Risk Management & Advisory Phone : 212-902-3724 Fax : 212-428-1181 E-Mail : hilary.ackermann@gs.com,1
Not going well,0
"Hello Louise ,",0
"I know you must be going nuts with all the events , so I have not called .",0
Hope you will be sorted .,0
Call me if you have time .,0
M,1
Please update daily,0
"Louise ,",0
There are only two counterparties at this time who have overdue margin :,0
Original Margin Call Margin Due Today,0
"Kinder Morgan $ 3,500,000 $ 1,250,000",0
"AEP $ 19,250,000 $ 38,750,000",0
------------------------------,0
"Totals $ 22,750,000 $ 40,000,000",0
Please let us know if you need any additional information .,0
Stephanie,0
We are still trying to figure out some of the cash traders .,0
Once we get the word from Lavo we 'll let you know .,0
Thanks,0
KK,1
"Kam ,",1
Are there any new developments in the trader world ?,0
"We still have the traders and books that you provided last week , but need to know if there are any changes to this .",0
Please let us know if you need a change so that the deals will bridge with the correct books .,0
"Thanks ,",0
Dawn,0
"Hey ,",1
I am going to have to miss your wedding .,0
"Unfortunately , I will be in Plano that weekend .",0
I wish I could make it .,0
What 's going on with the UBS weather position ?,0
Has that gone anywhere or are the other possibilities you had better ?,0
"Talk to you soon ,",0
Kam,1
"Hey guys ,",0
I am being told by my better half that we need to get an accurate head count of who will be attending our wedding .,0
"If you would be so kind , could you possibly let me know of your status over the next couple of days ?",0
"For those of you who already sent us an RSVP response recently , please disregard .",0
Thanks for your help !,0
Jeff,0
WT Cal has been added .,1
Could you run those additional post - id's ?,0
There are deals in the Aruba book so I 'm not sure why you are n't picking those up .,0
The deals are listed below .,0
Thanks,0
"EY4096.1 PERFORMANCE 01-Feb-02 P 6,363,217 - $ 250,393",0
"EY4096.3 PERFORMANCE 01-Feb-02 P 202,989 $ 195,610",0
"EY4096.4 PERFORMANCE 01-Feb-02 F 0 $ 31,180",1
"EY4096.7 PERFORMANCE 01-Feb-02 P - 6,363,217 - $ 55,678",1
"EY4106.6 PERFORMANCE 01-Feb-02 P - 1,993,045 - $ 32,387",1
"EY4106.7 PERFORMANCE 01-Feb-02 P 1,993,045 - $ 43,548",0
"EY4106.9 PERFORMANCE 01-Feb-02 P 27,886 $ 27,361",0
"EY4108.E PERFORMANCE 01-Feb-02 P 12,514,373 - $ 265,932",0
"EY4108.F PERFORMANCE 01-Feb-02 P 112,610 $ 110,555",0
"EY4108.H PERFORMANCE 01-Feb-02 P - 2,239,879 - $ 36,398",1
"EY4108.I PERFORMANCE 01-Feb-02 P - 10,274,494 - $ 166,960",1
Thanks,0
"As seen below ,",1
Please start using the ENA DPR 0102 file rather than the EWS DPR 2002 file to send to Chris .,1
The positions needed to be divided to reflect BCF 's .,0
Thanks,0
Kam,1
could you also CC me the first few times you send it ?,0
"While our established schedules of Tuesday and Friday DPR's would have us reporting tomorrow 's activity on Monday , we will change that for month end .",0
Please email the January 31st DPR information for your respective groups to my attention by noon on Friday .,0
You should use the same spreadsheet format used for the 1/29/02 DPR .,0
All p&l and PRMA numbers should be in $ '000's .,0
"Starting in February , you will be able to export the data , as opposed to using the spreadsheets .",0
"Thanks ,",0
"Chris Abel Manager , Risk Controls Global Risk Operations chris.abel@enron.com < mailto:chris.abel@enron.com > 713.853.3102",0
"Kristen ,",0
Attached are all live financial deals by risk type .,0
"As you can see , the price data is too large to fit into one tab .",0
"After tomorrow , I will no longer have access to the estate files .",0
Greg Couch will be taking over the responsibility for the estate risk group and will be able to assist you with your requests going forward .,0
Thanks,0
Kam,1
"Ed ,",1
Here is a list of the risk people that will be with the estate .,0
"After this weekend , we will no longer have access to the estate files , these people will be able to help you with any of your questions .",0
We will still be around to assist them if needed .,0
Thanks,0
KK,1
Here you go ...,0
AC,1
"Sanjeev ,",0
I should have a list of post - id's for you by 4:30 today .,0
"After friday , I will no longer have access to the estate , so if you could shoot this off over night so I could have something in the morning to work with I would appreciate it .",0
Let me know if that does n't seem possible .,0
Thanks,0
Kam,1
"you know , whatever .",0
i will let you know later .,0
what are you doing tonight .,0
like what ?,0
i can think of a few things,0
"i was thinking somewhere that requires a jacket , like tony 's .",0
someplace that is like $ 30 an entree .,0
"yeah , i was thinking somewhere like mcdonald 's .",0
that may be too nice though .,0
what do you think ?,0
we can go somewhere nice .,0
real nice .,0
i am sure they are .,0
houston wo n't be too affected b/c most of the layoffs affect satelite offices .,0
economy should be good here .,0
hopefully she does n't hose you .,0
I 'll probably start looking next weekend .,0
I heard that more may be going up for sale in the next month or do .,0
Someone told me that Chase is planning a shitload of layoffs .,0
"I am not sure how reliable that is , though .",0
she is waiting to see if she can get financing .,0
daily dose on enron -,0
we are finished .,0
i need to now get a job at house of pies b/c that is the only way to pay the bills .,0
"the economy is down and when enron collapses , the energy industry is going to be in a world of hurt .",0
not to mention the market is going to be flooded with enron folks .,0
ca n't go to any more lsu games unless i get a free ticket .,0
"Since work has gone to hell , I am hoping to find some excitement in the possibility that LSU may play in the Cotton Bowl ( if Rohan "" Alabama "" Davey shows up for the next 3 games . )",1
"However , do not purchase tickets until it is a done deal - a lesson I learned following the Ark game last season .",0
http://www.theadvocate.com/sports/story.asp?StoryID=16473,0
http://www.theadvocate.com/sports/story.asp?StoryID=16475,0
http://www.nola.com/lsu/t-p/football/index.ssf?/lsustory/lsunotes08.html,0
http://www.nola.com/lsu/t-p/football/index.ssf?/lsustory/secnotes08.html,0
http://www.nola.com/lsu/t-p/football/index.ssf?/lsustory/lsufoe08.html,0
i have stronger will than you think .,0
house of pies here i come .,0
i am sure i could have persuaded you to give me some action .,0
why is enron blowing up ?,0
i did n't want you to go .,0
i was just going to sleep anyway .,0
i was too tired to give you any action .,0
enron is blowing up .,0
you r retarded .,0
i used to have one .,0
they are great dogs .,0
cocker spaniels are retarded .,0
why do you think i should get one of those ?,0
oh .,0
my bad .,0
i must have had you messed up with some other girl i made the bet with .,0
bet ?,0
"really , i have no idea what you 're talking about .",0
you must be thinking of someone else .,0
"i do n't even like a&m , i would n't bet on them .",0
colorado beat texas a&m .,0
i know you remember the bet .,0
no .,0
i got her number though .,0
i want to hook up with that girl paige in the brown leather jacket .,0
what happened to you ?,0
i had a blast that night .,0
did you hook up with that blonde chick saturday night ?,0
no i am not lying .,0
i flew here last night .,0
are you lying ?,0
i am out of town .,0
i am in portland .,0
you can buy me dinner when we get back .,0
"that is how i want you to refer to me as "" the king """,0
i do n't think so .,0
i 'm the king,0
yeah,0
sounds exciting .,0
want to go to dinner with me before you have your ' matt time ' ?,0
probablyl gon na just kick it,0
ca n't believe you left last night .,0
nice sarcasm .,0
"that 's fine , i do n't want to see you either , i just need to make a cd .",0
i ca n't wait,0
Mike McConnell,0
07/06/2000 14:57,0
"John ,",1
Hello from South America .,0
I just got your email and I certainly concur with Jeff making the call .,0
He has maintained a good relationship with Mulva .,0
This was a risk that we had but we did have assurances from Phillips regarding performance .,0
I do n't know how much it will help however .,0
Richard Harper and Mary Nell Browning may have some ideas here but I am sure you 've already gone through it with them .,0
I am amazed how the details get fuzzy on an old project .,0
"When you discussed it , i was trying to think back to our remedies and discussions but the 3 years have made it difficult .",0
I do n't know if there is anything I can do but I 'm always willing to help .,0
"Good luck ,",0
Mike,0
Move-Team@ENRON,0
09/20/2000 03:22 PM,0
Sent by : John Salinardo@ENRON,0
it is to late for me to add changes .,0
We will have to correct them after the churn .,0
Thank you for you patience .,0
The Dow topped out in February of 1966 at 995 .,0
By September of that year the Dow had tumbled to 744 .,0
The Dow then rallied to a high of 943 in September of '67 .,1
"By March of '68 the Dow had fallen to 825 , only to climb to a highly speculative peak of 985 in December of '68 .",1
The Dow then sank to 631 in December of '70 .,0
"By April of '71 the Dow had climbed back to 950 , only to fall to 869 in February of '72 .",1
"A big rally then took the Dow ( unconfirmed ) to a record high of 1051 in January of '73 , turning everyone bullish .",1
But by December of '73 the Dow had collapsed to 788 .,0
Think that was bad - by December of '74 the Dow had sunk to a bear market low of 577 .,1
"At that time , the gurus and geniuses of Wall Street were predicting a 250 Dow and many were talking openly about the end of capitalism .",1
"Of course , that was the bottom",0
And that 's the way the greatest bear market since the Depression worked its way down .,0
"By late 1974 investors were dizzy , they were desperate , they were wrung - out , they had left Wall Street , many for good .",1
"great , we look forward to seeing you .",0
DEBRA PERLINGIERE,0
09/20/2000 09:32 AM,0
"I will not be there at 7:30 , but will see you arond 9:30 on Tuesday .",0
Many thanks !,0
Debra Perlingiere,0
Edward Terry,0
09/08/2000 09:55 AM,0
"FYI ,",1
"Per the memo , ENA 's storage account will be REDUCED by 420,588 mmbtu !!!!!!",0
Robert D Morgan,0
09/08/2000 09:36 AM,0
The results of the February 26th PVT test conducted on Nville have been discussed with each of you over the last three months .,0
"As we have discussed .... effective Sep 13th , Anita will make the adjustments to Enron 's inventory and pad gas to reflect the February 26th results .",0
"I talked with Gary Wilson , and he confirmed that the revised values are correct .",0
Attached is a spreadsheet that contains the values .,0
The correction to the working gas includes TWO corrections .,0
"The results of the February 26th test reduces the working gas by 398,487 MMBTU .",1
"In addition , there is a reduction of 22,101 MMBTU which is the difference between the SCADA values ( Best Available ) that Anita showed on the February 29th Storage Sheet and the "" official "" February 29th values that Gary Wilson received from MIPS .",1
"To summarize : Enron 's pad gas will now be 3,993,310 MMBTU , instead of 4,223,000 MMBTU .",0
"Enron 's working gas will be reduced by 420,588 MMBTU .",0
Call me if there are any questions .,0
fyi,0
Debra Perlingiere,0
Please give me a call to discuss Nov transaction .,0
Debra Perlingiere,0
Are you free for lunch some day this week ?,0
"Also , I have an extra ticket for the Comets game on Sat. you said you wanted to go ?",0
The game is at 12 : Sat @ Compaq Center .,0
Would love for you to join us .,0
I am bringing two of my girlfriends from LJ .,0
Debra Perlingiere,0
Stacey here is the Master draft we discussed .,0
I am sending you a version with comments .,0
dp,0
Could one of you please email me a copy of the standard template you use for Enfolio gas purchase agreements ?,0
"As we 're getting more and more of those agreements , I 'd like to add a template in Global Contracts .",0
Thanks !,0
"Stacey Barclay Richardson Enron Net Works , LLC - Global Contracts Stacey.Richardson@enron.com ( 713 ) 853-0569 Office ( 713 ) 646-2495 Fax ( 713 ) 710-6084 Pager",1
Today is good 12:30 ?,0
Cafeteria is fine .,0
I 'm free any day but Tuesday .,0
I better pass on the Comets game .,0
"My weekends seem to be taken up with condo matters , house hunting .",0
Thank you though .,0
Are you free for lunch today .,0
I want to go to the cafeteria for vegetables .,0
Let me know if you are interested .,0
"Janette Elbertson Administrative Coordinator EWS Legal , EB3326 Telephone : ( 713 ) 853-7906 Facsimile : ( 713 ) 646-2600 e-mail address : janette.elbertson@enron.com",1
Are you free for lunch some day this week ?,0
"Also , I have an extra ticket for the Comets game on Sat. you said you wanted to go ?",0
The game is at 12 : Sat @ Compaq Center .,0
Would love for you to join us .,0
I am bringing two of my girlfriends from LJ .,0
Debra Perlingiere,0
ok call me,0
Maybe 12:15 ?,0
"Janette Elbertson Administrative Coordinator EWS Legal , EB3326 Telephone : ( 713 ) 853-7906 Facsimile : ( 713 ) 646-2600 e-mail address : janette.elbertson@enron.com",1
Today is good 12:30 ?,0
Cafeteria is fine .,0
I 'm free any day but Tuesday .,0
I better pass on the Comets game .,0
"My weekends seem to be taken up with condo matters , house hunting .",0
Thank you though .,0
Are you free for lunch today .,0
I want to go to the cafeteria for vegetables .,0
Let me know if you are interested .,0
"Janette Elbertson Administrative Coordinator EWS Legal , EB3326 Telephone : ( 713 ) 853-7906 Facsimile : ( 713 ) 646-2600 e-mail address : janette.elbertson@enron.com",1
Rodgers,0
"As we discussed , here is a first effort at a revised TVA offer letter .",0
I drafted the Into TVA Option as a series of calls tied to the MOPA delivery term and quantity - not sure if this anything close to what you all had in mind .,0
Please let me know what shape you all think the offer ought to take and we can revise accordingly .,0
Thanks,0
Elizabeth 36349,0
see you there at 4:00 unless I call you,0
Mark E Haedicke,0
Sent by : Janette Elbertson,0
02/28/2001 03:16 PM,0
Please use the form attached when preparing the top ten risks for your businesses .,0
Please be brief !,0
Mark E Haedicke,0
Sent by : Janette Elbertson,0
02/28/2001 04:41 PM,0
Please update the attached Legal Risk Report .,0
Send the revised report by e-mail .,0
Thank you .,0
Mike Curry,0
11/14/2000 11:37 AM,0
With Elizabeth 's comments added to summary ...,0
yuk .,0
so sorry to have to cancel,0
that deal is making like it wants to close and the traders scheduled a 430 call to wrap it up,0
do n't they know we have better things to do,0
here is to getting back on track after thanksgiving,0
sorry again,0
per my vm,0
John Lamb@ENRON,0
11/15/2000 11:58 AM,0
"Attached are clean and blacklined drafts of the Enron guaranties to be made in support of EPMI 's obligations under the Indian Mesa II Renewable Energy Purchase Agreement ( "" PPA "" ) and Green Premium Sharing Agreement ( "" GSPA "" ) .?",1
The guaranty for the PPA is blacklined against the Enron EPC Contract guaranty in favor of the banks which was granted in connection with our Cabazon Wind Power Project ( the project most recently financed by EWC ) and the GPSA guaranty is blacklined against the PPA guaranty .,1
"As we discussed last week , since the Enron guaranties will need to be in a form that will acceptable to our project lenders and equity participants , we thought that we should start with a form that was used in our last financing and that was negotiated by Enron and the banks .",1
We plan to use the same basic form for the Enron guaranty that will be made in favor of EPMI with respect to the seller 's obligations under the PPA .,0
We will forward the draft of that guaranty to you later today .,0
Please feel free to give me a call if you have any questions concerning the attached guaranties .,0
Thank you .,0
- PPA Guaranty.doc,0
- GPSA Guaranty.doc,0
- REDLINE GPSA Guaranty.doc,0
- REDLINE PPA Guaranty.doc,0
?,1
Sheila Tweed,0
03/26/2001 08:58 PM,0
Mary Hain,0
03/23/2001 12:24 PM,0
"I am going to be the Senior Regulatory Counsel at ISO New England starting on April 9 , 2001 .",0
"My last day in the Portland area will be March 31 , 2001 .",0
I enjoyed working with you and wish you the best of everything .,0
"My new address will be : Mary Hain Senior Regulatory Counsel ISO New England Inc. One Sullivan Road Holyoke , MA 01040-2841 ( 413 ) 535-4000 mhain@ISO-NE.com",1
Mark,0
Here is a revised draft of the CDWR risk memo .,0
Events change everyday .,0
This morning 's paper reports that a rate increase of 40 % may be imposed by the CDWR as early as today and the new bond issue amount is purported to be 16 billion ( rather than the 10 initially discussed ),1
Mark,0
"As we discussed , here is a copy of the draft memo .",0
Thanks,0
Elizabeth 36349,0
see you there on court 10,0
ps I may have to come back to work for a 615 call,0
Here is latest draft of risk memo ( STILL IN DRAFT FORM ) .,1
I faxed comments to you on dash .,0
Do you have any current info on deal status ?,0
Thanks,0
Elizabeth 36349,0
Andrew Edison@ENRON,0
06/02/2001 10:53 AM,0
I have settled the Ecogas / Enron / Randy Maffett lawsuit .,0
"No need to thank me , just send me gifts .",0
"Seriously , I talked this morning with Tom Hall and we agreed that Ecogas would pay him $ 53,000 .",0
"Hall has agreed to release Enron , Ecogas , Maffett and every affiliate , related party and subsidiary .",1
He will also release any and all patent issues .,0
The goal is for him to move on with his life and for us to move on as well .,0
I have asked Doug Daniels to prepare the settlement papers reflecting such an agreement .,0
Please handle .,0
Becky Stephens@ENRON,0
06/12/2000 10:20 AM,0
"Richard , below is a list of oc invoices sent to you for approval on 5/30/00 .",0
Please verify receipt at your earliest convenience .,0
Thank you for your help in tracking these invoices .,0
"Holland & Hart , LLP ; # 432785 dated 4/14/00",1
"Michael L. Beatty & Associates , PC ; # 10461 , # 10469 & # 10468 dated 5/28/00 .",1
"Becky A. Stephens Litigation Unit , Enron Corp. 713/853-5025 EB 4809",0
I am on board .,0
"If the PX comes back again , I will call their in - house attys .",0
Christian Yoder / ENRON@enronXgate,0
06/04/2001 05:54 PM,0
Can you pass this along to Elizabeth to ensure Sanders is on board as well ?,0
We are renewing our L/C's on a month to month basis for the PX per Sanders .,0
"However , the request below is to "" replenish "" the CASH that was drawn down ... please advise .",0
I agree with Steve 's position stated in his separate e'mail .,0
Do n't give these guys a penny .,0
---- cgy,0
"Tracy , Do we have concerns here .",0
We pointed out to the PX that there was excess credit .,0
By using collateral to pay these bills are we not keeping required levels available ?,0
"Sara ,",1
Attached below is Davis Thames ' presentation regarding the proposed Project Bruin .,0
I will forward the draft Bear Stearns term sheet separately .,0
Paul,0
"Team , sorry for the delay on getting this around .",0
Please advise when you can meet to discuss issues related to your area .,0
Thanks -,0
Davis,0
Clint :,0
I spoke with Mike Collins [ 203-719-8385 ( phone ) and 203-719-7031 ( fax ) ] who conrfirmed to me that the cap included the remaining 2.5 + million remaining shares .,1
Please return an executed copy of confirm to me .,0
Thanks .,0
sara,0
"My assistant Joanne Rozycki has cell , car numbers to reach me .",0
I 'll be back on Monday .,0
"Sara Shackleton Enron Wholesale Services 1400 Smith Street , EB 3801a Houston , TX 77002 Ph : ( 713 ) 853-5620 Fax : ( 713 ) 646-3490",1
Thanks .,0
SS,1
"Sara ,",1
"Currently we have a blank "" sample "" for our Paragraph 13s which are attached to our sample ISDAs for ( a ) US Corporate , ( b ) Hedge Funds , ( c ) Municipal .",1
I will extract the one for the US corporate Paragraph 13 and email to your contact @ First Union Securities .,0
"The sample includes our "" caveat "" , so it should be fine .",0
Susan,0
Susan :,0
"While Tanya is reviewing credit , can you please send a "" blank form Paragraph 13 "" for this master .",0
Just our standard .,0
Caveat : subject to credit review even though there are blanks .,0
Thanks .,0
Sara,0
"First Union Securities , Inc .",0
"Hi Sara ,",1
I just wanted to follow up on whether you will have a chance to send a draft Credit Support Annex ( similar in form to the one previously executed with ENA ) .,0
I understand you may not have credit approval yet so perhaps we can leave the appropriate sections blank in the meantime .,0
"Thanks and regards ,",0
"Vijay K. Suchdev Vice President Equity Derivatives First Union Securities , Inc. Telephone : ( 212 ) 909-0951 Facsimile : ( 212 ) 891-5042 email : vijay.suchdev@funb.com < mailto:vijay.suchdev@funb.com >",1
"Play your CD's , 8 - tracks , reel to reels , cassettes , vinyl 33 / 45's , and shellac 78's through this little integrated amp , you 'll get a big eye opener !",0
complete with original Magnavox tubes - all tubes have been tested they are all good - stereo amp,0
This is a beautiful site and a wonderful idea .,0
And a portion of each package or memorial purchased goes to a charity on their database .,0
"So be sure to get your pet 's memorial on the site and if you have a charity / rescue , make sure it is listed on their database so you can receive some of the profits from the site .",0
"Best ,",0
Cindy,0
""" ... there is no companion quite so devoted , so communicative , so loving and so mesmerizing as a rat . """,0
~ CGoehring,0
Email : Anthony Beavers < CognitiveScienceN...@gmail.com >,0
Inhibitory Systems Control the Pattern of Activity in the Cortex,0
""" Inhibitory systems are essential for controlling the pattern of activity in the cortex , which has important implications for the mechanisms of cortical operation , according to a Yale School of Medicine study in Neuron ....",1
"The findings demonstrate the inhibitory network is central to controlling not only the amplitude , extent and duration of activation of recurrent excitatory cortical networks , but also the precise timing of action potentials , and , thus , network synchronization ... """,1
--,0
Posted by Anthony Beavers to Cognitive Science News at 8/28/2005 07:18:20 AM,0
I just finish reading a really good book ( it was actually a ebook ) from some new series called the The Tale of Terra .,0
"The story had brillant battle scenes , lovable heroes and villians , a compelling story line , and it left me dying for the next part of the series :) go to taleofterra.com to learn more aboout it",1
Heterosexuals increasingly back gay marriage,0
By Deb Price / The Detroit News,0
Deb Price,0
"When Baptist Pastor Stephen Jones talks about what makes for a happy marriage with Janice , his wife of 35 years , one special ingredient might surprise you : Double - dating with coupled friends who happen to be gay .",1
Hi I ´m from Brazil and I want to know of book 06 .,0
Is good or bad ?,0
what 's your opinion ?,0
kisses,0
leli,0
it s good .,0
u must read it .,0
pairing up of harry and ginny is cool,0
It s awesome - better than book 5,0
"I like the way Otto Jespersen ( in ' Language : Its Nature , Development and Origin ' ) aptly summarised the nature of language changes by comparing it with one of the theories of the Manchester School of Economics :",1
"' Everything is for the best in the best of all possible worlds if only no artificial hindrances are put in the way of free exchange , for demand and supply will regulate everything better than any Government would be able to . '",1
Portia,0
*,1
"Twinkle Twinkle lazy star Kitna soyega uthja yaar , up above the world so high , sun has risen in the sky , uthke jaldi pee le chai , then call me up and say "" HI """,1
**,0
Good Morning * *,0
Have a Nice Day * **,0
**,0
--,0
Thanks and Regard,0
Rajendra,0
rajendra.o...@gmail.com,0
image_gif_part,0
81 K Download,0
Key Delhi blast suspect arrested,0
Police in the Indian capital Delhi say they have arrested the suspected co-ordinator and financier of last month 's deadly bomb blasts in the city .,0
"Delhi police chief K K Paul named the man as Tariq Ahmed Dar , and said police were hunting for four accomplices .",1
"He said Mr Dar , 33 , was arrested in Indian - administered Kashmir and belonged to the outlawed Lashkar - e - Toiba militant group .",1
The India Diaries,0
George and Lynne,0
image001.jpg,0
51 K Download,0
Funny stuff,0
lifted from another list,0
Amy :-),0
------,0
We could certainly slow the aging process down if it had to work its way through Congress .,0
- Will Rogers,0
I had a rose named after me and I was very flattered .,0
"But I was not pleased to read the description in the catalog : "" No good in a bed , but fine against a wall . """,1
- Eleanor Roosevelt,0
------,0
Santa Claus has the right idea .,0
Visit people only once a year .,0
- Victor Borge,0
------,0
""" By all means , marry .",0
"If you get a good wife , you 'll become happy ; if you get a bad one , you 'll become a philosopher .",0
- Socrates,0
------,0
I was married by a judge .,0
I should have asked for a jury .,0
- Groucho Marx,0
------,0
My wife has a slight impediment in her speech .,0
Every now and then she stops to breathe .,0
- Jimmy Durante,0
------,0
I have never hated a man enough to give his diamonds back .,0
- Zsa Zsa Gabor,1
------,0
"Only Irish coffee provides in a single glass all four essential food groups : alcohol , caffeine , sugar and fat .",1
- Alex Levine,0
------,0
Money ca n't buy you happiness ... but it does bring you a more pleasant form of misery .,0
- Spike Milligan,0
------,0
"Until I was thirteen , I thought my name was shut up .",0
- Joe Namath,1
------,0
Youth would be an ideal state if it came a little later in life .,0
- Herbert Henry Asquith,0
------,0
I do n't feel old .,0
I do n't feel anything until noon .,0
Then it 's time for my nap .,0
- Bob Hope,0
------,0
"Do n't worry about avoiding temptation ... as you grow older , it will avoid you .",0
- Winston Churchill,0
------,0
"Maybe it 's true that life begins at fifty ... but everything else starts to wear out , fall out , or spread out .",0
- Phyllis Diller,0
------,0
"By the time a man is wise enough to watch his step , he 's too old to go anywhere .",0
- Billy Crystal,0
__________________________________________________,0
Do You Yahoo! ?,0
Tired of spam ?,0
Yahoo! Mail has the best spam protection around,0
image_jpg_part,0
52 K Download,0
"Hello ,",0
"We have started a new forum for an interactive and absorbing discussion on Astrology & Palmistry and everything in between including Gemology , Feng Shui / Vaastu Shastra .",0
We look forward to your active participation to make this forum an exciting meeting place for like minded individuals .,0
Regards,0
Swetha,0
Email : franz371...@gmail.com,0
"WE HAVE A DATE FOR THE RELEASE OF RAGNAROK ONLINE 2 ( beta anyway ) September 16 - 18 , this was announced by Gravity CEO Kim Jung - Ryool on either 16th or 17th of july and as i do n't want to take someone 's credit's i got it here ^^ GameSpot",0
"By the way we now have a "" forum "" in the post link",0
Reply,0
"Handcrafted Furry Animals Wholesale , Call for a Catalog NOW !",0
732-657-3416,0
"has life like animal wholesale figurines made from rabbit and goat fur , feathers and sheep s wool .",0
"Dogs , cats , rabbits , wolves , moose , horses , you name it , we have it .",0
People love to buy these cute cuddly little animals for gifts and collectables .,0
They are very well made and realistic .,0
Attention Retail Stores & Vendors :,0
We are looking to expand our Wholesale Clients across the Nation .,0
"If you own a Retail Store or are a Professional Vendor who exhibits at Sport , Hunting , or Craft Shows and are interested in selling our products , please give us a call !",1
732-657-3416,0
We have a Full Color Catalog and Wholesale Price List ready to mail to you today !,0
No minimum order amount .,0
Any orders at or over $ 500.00 an additional 10 % off the total order .,0
"We accecpt : Visa , MasterCard , Amex , Dinner s Club / Carte Blanche , & Personal Checks / Money Orders .",1
"Animals R Us.Net Bill Schmidt animalsr...@aol.com 732-657-3416 1027 Jolson Court Manchester , N.J. 08759",0
Email : BlackBayou < BlackBa...@excite.com >,0
Groups : alt.animals.cat,0
I started this page to help with my boredom .,0
"I have Chronic Lyme disease , so I 'm stuck at home .",0
I started collecting animations & jokes just to help with my boredom and depression .,0
I enjoyed the animations and wanted to share them with my friends .,0
So I started a small mailing list and added their addresses to it .,0
Along with an area on the page for those to join the mailing list .,0
I started with 21 email addresses .,0
We now have over 5000 addresses .,0
My wife and I would love for you to come and visit our page,0
http://www.myshutter.com/flash.htm our collection of comedy,0
"http://www.myshutter.com Before becoming disabled , I was an AVID amateur photographer .. come and visit and sign our guestbook",0
"-----= Posted via Newsfeeds.Com , Uncensored Usenet News =-----",0
http://www.newsfeeds.com - The # 1 Newsgroup Service in the World !,0
"-----== Over 100,000 Newsgroups - 19 Different Servers ! =-----",0
Email : Roving Mouse < s...@tack.net >,0
"Groups : alt.animals , alt.animals.cat , alt.animals.ethics.vegetarian , talk.politics.animals",0
Followup - To : alt.animals,0
"You will always find fascinating links at : Extreme Web Surfs http://extremewebsurfs.blogspot.com/ ( nice urban wildlife post today ) & Me and the Web http://maartenvt.blogspot.com/ Arts , History , Animals , Music , Games , Politics , Technology , Fun and more !",1
..,0
"Email : "" Ian "" < ian.gilb...@btinternet.com >",0
Groups : alt.animals.cat,0
We have updated our site to include a LOST and FOUND page and you can now join our branch and make a secure on - line donation to the charity .,0
Please do visit us and feel free to browse the site at www.southbhamcats.org.uk,0
PS - we also have more cats coming in for re-homing see our ' Homes Wanted ' page,0
Thanks for looking,0
Ian - Webmaster www.southbhamcats.org.uk,0
"An orphaned , two - month old African elephant named Olly received an extremely uplifting Christmas present this year : an airplane ride just for him , courtesy of the International Fund for Animal Welfare and their friends ' The Bateleurs ' .",1
Animal News Center Webmaster,0
"Email : "" Ruth "" < ruth.penyc...@bbc.co.uk >",0
Hello there,0
Action Network is a BBC website for people who are taking action on issues that concern them .,0
I 'm getting in touch because I think it could be useful to people campaigning about hospital closures .,0
We 've got a page dedicated to issues around hospitals ( http://www.bbc.co.uk/dna/actionnetwork/C55153 ) and a group called NHS SOS have already put up a campaign about ward closures in Cumbria .,0
I 'm hoping to build this up to be a hub for all the campaigners - a place where people can exchange ideas and advice .,0
It would be great if the person from CHANT who started this page would put up a short description of the campaign and a list to this group page on the Action Network site .,0
"Action Network is also a good place to post details of events , or try to rally together a group if you want to take action in your area .",0
"You can attach anything you write to pages for your local area , as well as to the ' issue ' pages .",0
I 'm more than happy to help people with the site or answer any questions about Action Network - just drop me a message .,0
"Otherwise , hope to see you there !",0
Kind regards,0
Ruth Penycate www.bbc.co.uk/actionnetwork,0
"Email : "" engin i. erdem "" < erdemen...@gmail.com >",0
**,0
* Worldwatch Projects Catastrophe Will Be Most Costly Weather - Related Disaster in History *,0
"* Washington , D.C. - *",1
"The overwhelming human and financial impacts of Hurricane Katrina are powerful evidence that political and economic decisions made in the United States and other countries have failed to account for our dependence on a healthy resource base , according to an assessment released today by the Worldwatch Institute .",1
Alteration of the Mississippi River and the destruction of wetlands at its mouth have left the area around New Orleans abnormally vulnerable to the forces of nature .,0
"According to many scientists , the early results of global warming — 90 degree Fahrenheit water temperatures in the Gulf and rising sea levels — may have exacerbated the destructive power of Katrina .",1
* ... *,1
http://reflectioncafe.blogspot.com/2005/09/unnatural-disasterthe-less...,0
Wei 's Magic Cubes,0
"Wei Ligang , a rising star of modern art in China , just had an exhibition in mid-July , 2005 in Hong Kong .",1
He is now lecturing in USA .,0
His art perfectly combines painting and Chinese calligraphy .,0
He is regarded as one of the leading Avant - Garde artist of modern calligraphy .,1
His artworks were selected and exhibited in British Museum in 2002 .,0
""" Wei has given some virtuoso performances with brush and ink , often incorporating several different techniques into a single work , "" said Gordon S. Barrass , curator of the exhibition .",1
"In the world of "" Wei 's magic cubes , "" all seem to be ingeniously planned and tricky .",0
"All are mathematical , all are linguistic .",0
"In Wei 's art , a logician could see mathematical logic , a cellist could see a ripple of nine bass notes , a country girl could see straw , and Harry Potter could see two accompanied green blazes .",1
""" ... to gaze at Wei 's art is like entering a floating world of dreams . """,0
"--- The Art of Calligraphy in Modern China ( British Museum Press , 2002 )",1
"[ http://news.zdnet.co.uk/internet/0,39020369,39187928,00.htm ]",0
Photo from Technology News,0
"Wiki Media Foundation , the group behind the Wikipedia online encyclopedia project , said Friday that search giant Google has volunteered to host some of its content on company servers .",0
( ZD Net ),1
It looks like the war between Microsoft and Google is quickly brewing on the horizon .,0
"Microsoft is 4 - 0 ( they took down Netscape , Suns Systems , MAC and IBM ) and Google may be their next target .",1
Google is probably making this move to counter Microsoft Search using Encarta ( it's online dictionary ) .,0
More below .,0
But it looks like Google is n't opening it's mouth about the reason behind the offer as Linux News reports :,0
""" While we do n't have anything specific to announce today , Google and the Wikimedia Foundation are collaboratively evaluating creative ways to support Wikipedia.org and its community . """,0
"Sure Google , although this would put it on coarse for global domination of the internet by 2014 .",0
"It will be interesting to see whether or not Google will finally slay the Microsoft Goliath , who has known no major defeat and seeks to vanquish all competition .",0
Selah !,0
--,0
Posted by Hidden Nook to Hidden Nook at 2/14/2005 07:03:00 PM,0
[ http://www.space.com/astronotes/astronotes.html ],0
Photo from Space.com,0
( Space.com ),0
"It looks like The Lunar Transportation Systems , Inc. is visualizing a "" space highway "" going from the moon to Earth ( and back again ) .",0
""" Our new lunar transportation system utilizes a unique architecture that will establish the equivalent of a two - way highway between the Earth and the Moon , "" Kistler told SPACE.com .",1
""" Our plans include raising private capital to develop , build , flight test , and operate this Earth - Moon highway for the benefit of the country and the benefit of our investors . """,1
Wise decision to go through the private sector -- NASA 's budget may be kinda tight to fund a project like this .,0
This group does sound pretty interesting though .,0
"The Lunar Transporatation Systems ( LTS ) is actually being funded by two space businessmen , Walter Kistler and Bob Citron .",0
"Both of these men are heavily involved in the private sector of the space industry , and both are also involved with another space company called SPACEHAB .",1
"They want to use LTS to tie into NASA 's vision for Space Exploration , and seem pleased that the White House is moving in that direction .",0
""" We are so excited that the White House and the recent new government space policy underscores the need to involve the private sector in assisting NASA develop its plans for the new Vision for Space Exploration , "" said Walter Kistler , LTS co-founder and Chairman .",1
"With their proposal of a "" Earth - Moon "" highway , it looks like space tourism may become a reality sooner than we think .",0
Selah !,0
--,0
Posted by Hidden Nook to Hidden Nook at 2/15/2005 05:12:00 PM,0
[ http://www.space.com/missionlaunches/ft_050829_ksc_spacefuture.html ],0
( Space.com ),0
"U.S. astronauts will launch to the moon on sleek , single , shuttle booster rockets and the first new upper - stage rocket this country has developed in more than a decade , NASA and the Pentagon have told the White House .",1
"Lunar landers and other gear needed for extended visits to the moon will be lofted by gargantuan launchers as big as the Apollo - era Saturn 5 , the most powerful rockets ever flown .",1
"It looks as if NASA is transitioning away from the shuttle model , as in the past they have proven to be quite dangerous as Columbia has recently proved .",1
"Although these new rockets are probably more expensive , they will be able to go at a much greater range than it's shuttle cousins , as they can not only break free from the atmosphere but reach the moon as well .",0
""" NASA will initiate development of a Crew Launch Vehicle derived from space shuttle solid rocket boosters with a new upper stage for human spaceflight , "" said the letter , signed by NASA Administrator Mike Griffin and the Pentagon 's top space official , ex-astronaut Ron Sega ...",1
""" NASA then plans to develop a new 100 - metric - ton - class launch vehicle derived from existing capabilities with the space shuttle external tanks and solid rocket boosters for future missions to the moon , "" the letter said .",1
"NASA is planning on using these new shuttles to replace the current models , with industry forecasters predicting a launch as early as 2014 .",1
"The new rocket design will differ slightly from it's predecessors , in the fact that the crew and cargo would launch separately from two different rockets each and join up in space later on .",0
"Launching this way will hopefully avoid future disasters , giving more support towards NASA revisiting the stars .",0
--,0
Posted by Hidden Nook to Hidden Nook at 8/30/2005 09:36:00 PM,0
[ http://www.reuters.co.uk/newsPackageArticle.jhtml?type=worldNews&storyID=624569&section=news ],0
"With protests going on in the Chilean capital of Santiago ( from the economic summit ) , President Bush visited Chinese President Hu Jintao and other key allies in Santiago .",1
The talk of the day besides a more level playing field with China was North Korea .,0
China has been a great help at getting North Korea to the table and Bush is hoping that with their cooperation Korea can become a nuclear free peninsula .,0
REUTERS / Jason Reed,1
U.S. President George W. Bush shakes hands with Chinese President Hu Jintao in a bilateral meeting in Santiago .,1
Bush is in Santiago for the annual Asia - Pacific Economic Cooperation ( APEC ) leaders meeting .,0
"Hopefully President Bush can accomplish these goals which will not only help strengthen our Chinese allies , but will also help fight the war on terror .",0
Selah !,0
--,0
Posted by Hidden Nook to Hidden Nook at 11/20/2004 03:10:35 PM,0
Winston Peters is visiting a school .,0
"In one class , he asks the students if anyone can give him an example of a "" tragedy "" .",0
"One little boy stands up and offers that , "" if my best friend who lives next door was playing in the street when a car came along and killed him , that would be a tragedy "" .",0
""" No , "" Winston says , "" That would be an ACCIDENT . """,1
A girl raises her hand .,0
""" If a school bus carrying fifty children drove off a cliff , killing everyone involved ... that would be a tragedy "" .",1
""" I 'm afraid not , "" explains Winston , "" that is what we would call a GREAT LOSS . """,0
"The room is silent , none of the other children volunteer .",0
""" What ? "" asks Winston , "" is n't there any one here who can give me an example of a tragedy ? """,0
"Finally , a boy in the back raises his hand .",0
"In a timid voice , he says : "" If an airplane carrying Winston Peters was blown up by a bomb , THAT would be a tragedy "" .",1
""" Wonderful ! "" Winston beams .",0
""" Marvelous !",0
"And can you tell me WHY that would be a tragedy ? """,0
""" Well , "" says the boy , "" because it would n't be an accident , and it certainly would n't be a great loss ! """,0
Email : n3td3v < xploita...@gmail.com >,0
n3td3v saw this story on BBC News Online and thought you should see it .,0
** Google defies US over search data **,0
Web giant Google is resisting an attempt by the US to force it to reveal what users are searching for .,0
< http://news.bbc.co.uk/go/em/fr/-/1/hi/technology/4630694.stm >,0
** BBC Daily E-mail **,1
"Choose the news and sport headlines you want - when you want them , all in one daily e-mail",0
< http://www.bbc.co.uk/dailyemail/ >,0
** Disclaimer **,0
"The BBC is not responsible for the content of this e-mail , and anything written in this e-mail does not necessarily reflect the BBC 's views or opinions .",0
Please note that neither the e-mail address nor name of the sender have been verified .,0
"If you do not wish to receive such e-mails in the future or want to know more about the BBC 's Email a Friend service , please read our frequently asked questions .",0
http://news.bbc.co.uk/1/hi/help/4162471.stm,0
Highly recommended,0
My 8 year old daughter loves this place .,0
The best climbing club around .,0
Hooray for Craggy .,0
It 's well cool . :),0
telephone number,0
the telephone number is incorrect - our new mobile number is 07551310002 or landline 01634 710033 .,0
thank you,0
good,0
it is a cute little nice and quiet library,0
"OK Food , Slow service",0
The food was incredibly bland .,0
Their Thali was not brought out as described ( no saag ) .,0
Expensive for the level of food and the quality of service .,0
absolutely fantastic experience getting my iphone upgraded at Zion ...,0
Sheer contrast to getting it done at karol bagh which is done under the wooden plank,0
Very knowledgeable and friendly design build firm .,0
"They specialize in financial institutions , medical , and retail projects .",0
These guys know what they 're doing and helped me in all phases of our project .,0
Daniel and his assistant both did a great job .,0
Very professional and great results .,0
Many thanks from myself and all of our wedding guests !,0
"Good food , good location , and good prices .",0
But the servers do n't pay attention to you whether it 's busy or not .,0
Worst Tasting Pizza,0
This place had the worst tasting pizza I have ever tasted it was possible the worst food I 've ever eaten .,0
I do n't recommend this place to anyone or even anything to eat .,0
Very friendly people offering a brilliant service .,0
Sent scented flowers home instead of postcards .,0
Recommend you call in for a look .,0
Average food and deathly slow service,0
I have eaten here several times and every time the service is slower than slow .,0
One time we even left after sitting at the table for 20 minutes and not being greeted with a drink order .,0
Ridiculous .,0
There must be a better mexican place in Rockland .,0
Farrell Electric is a very good electrical contractor .,0
I 'm pleased that someone referred me to them for my commercial business .,0
I own a property management firm and need a contractor with the credentials that Farrell Electric has .,0
Sanctuary is amazing !,0
"Sanctuary serves delicious , somewhat healthy food in a great restaurant / fast food style .",0
The employees are really friendly .,0
And they deliver !,0
Amazing customer service,0
I think the women at this salon know that their business is based primarily from referrals . :),0
They were amazingly hospitable .,0
Edit was the best massage therapist I 've ever had and I would HIGHLY recommend her !,0
Fresh and unic !,0
"Very professional , talented , unic and fresh work .",0
"Paula has an amazing gift for creativity , vision and the ability to combine art to / with commercial purpose .",0
Bravo !,0
Thank you for fixing the leak on my bathroom !,0
Thanks !,0
Food is often expired so check the dates every time !,0
Also more often than not you end up with a healthy dose of nasty rude attitude from the employees !,0
"They have fresh flowers , lasted a long while in the vase , and the two ladies at the shop know the business well .",0
I had no problem with my delivery .,0
I will go there again .,0
spot on,0
"this kebab shop is one of the best around the meat is good and fresh and the chilly sauce is the best , keep them lovely kebabs coming and a happy new year to all the staff",0
Friendly service .,0
Attentive to the needs of customer .,0
Thanks again !,0
"The waiting staff is really friendly , it s like every one knows each other , the manager is really sweet and the food .. well no complaints from me .",0
"Yes , it s that good .",0
Rubbish,0
"Took 1 + hour to deliver to Chatham , hair in food , driver did n't know area .",0
Noticed a few of these Cookie cutter places opening in Summit and New Providence .,0
"Stick to Hop Hing , 20 year + resident .",0
a staple !,0
"I live in the neighborhood and this place is one of my favorites for a tasty , quick and inexpensive meal .",0
"Branch out and try something other than the Pad Thai , the curries are fantastic .",0
"Fast and friendly service , they know my order when I walk in the door !",0
Feel good,0
I just wanted to try your clinic because I was not totally happy with my current therapist I regularly see .,0
Now I 've found someone who can manage to do what I really want .,0
"Men s and Boys Barbers , on the number 9 Bus route .",1
"Ladies room , Open Sundays",0
Great job on my roof and the pricing was fair .,0
Will use again in the future .,0
Very Mediocre donuts !,0
"The Donuts were very over proofed , making them stale and bready .",0
"The service was friendly and fast , but this just does nt make up for the lack - luster product .",0
"We tried 4 different style of donuts , they were all the same when it came to quality .",0
Do n't judge a book by its cover,0
From the outside Ichiban looks like it will be terrible .,0
This could n't be farther from the truth .,0
"The food is amazing , and the prices can not be beat .",0
"The sushi is great , and they have a great selection .",0
Excellent energy efficiency,0
"Compact 's Corona dryers remove at least twice as much water as the previous dryers , allowing a production increase of over 10 % and a significant energy saving .",1
Dessert was good .,0
Rest was too oily .,0
It taste better than In and Out ....,0
Nice little locally owned greek bar and grill .,0
Good food .,0
Great wings !,0
the team at barton car wash was very friendly .,0
and did great job .,0
i was very pleased with the service .,0
Fast and great service on pool covers,0
"The best Thai food I 've ever had in Australia , very fresh and so much favor of authentic Thai .",0
The restaurant is the most beautiful thai restaurant in Geelong ... just love it,0
Friendliest place I have ever stayed !,0
What a Dump !,0
The food is terrible .,0
The place smells and the owner is very very rude !,0
I could go on and on !,0
Just do n't go there .,0
Fantastic professional service -,0
These guys really know their stuff .. they have almost anything you could want in terms of spy and surviellance equipment .,0
Truly james bond style stuff ... would recommend,0
Best fried shrimp in the state !,0
We would like to thank our emergency plumbers who visted our shop in Morningside Road today .,0
"A fast service , saved a bad situation getting a lot worse .",0
many thanks 2scompany ...,0
Awesome Landscaping Job,0
MFJ Inc transformed our run down back yard into a place of beauty .,0
"The work was completed within one week , and everything was cleaned up on completion .",0
Highly recommended landscaper !!!,0
Wonderful Wonderful People !,0
I refer to VNHH often and love you guys .,0
Walgreens on University,0
My pharmacy order is always correct and promptly delivered but the pharmacy staff are always very short with me and do n't seem to like answering questions .,0
"Clean store , friendly check - out staff up front .",0
Good selection .,0
A thoroughly comprehensive service ; excellent communication and best of they are transparent with their fee ( ie nothing is simply implied or assumed ) .,0
AWESOME food !,1
Make sure to put OILY sauces on your food to make it moist !,0
YUM,1
"The company gets busy but you never have to wait long because they ARE orginizied , so you are in , out , and paid well for your scrap",0
No complaints,0
I have no complaints about the service I received .,0
"This man was polite , professional , clean and quick .",0
I never felt worried and walked away satisfied .,0
umm ...,0
"okay , I do nt have a review , but why in the hell would you name your business something that has the initials KKK .... is there something behind the scenes at this place ?",0
Like I 'm legitimately concerned at this point ... lol,0
You guys do everything wonderful !,0
We honestly can not think of even 1 thing we did n't like !,0
best,0
Best pedi mani I ve ever had .,0
"Darla is amazing , I would recoment her to anyone .",0
excellence in glasgow,0
I v just had my bmw z3 rear window replaced by the guys at kelvin trimmers .,0
"The team who work there are helpfull , friendly and extremely knowledgeable and will help you as much as they can with thier years of hands on practice .",0
Highly recomended .,0
Hidden Treasure .,0
Strip mall asian it is not !,0
Go in and you will not think you are in Chesapeake .,0
"The setting feels like a Sushi bar in NYC ; small , cozy , but with flair .",1
"Get great service , fantastic menu , and relax .",0
Best in HR so far !,0
I really want to like this place since I work right around the corner .,0
"Unfortunately , I 've given it a couple of tries at different times and decided to stop going .",0
The employees do n't really seem to enjoy what they are doing and it shows .,0
it was a little to high dollar for me,0
"Decent place to stay , I would stay there again .",0
"Rooms were clean , plenty of things to do near hotel , and safe part of town .",1
"good outside , bad inside",0
"the apartment only looks good outsize , inside is too bad .",0
too many bugs some you even never seen before .,0
"the attitude of some staff is terrible , did not solve anything only say i can do nothing .",0
"Great product , great service !!!",0
Installed Biometrics and Got Excellent Service .,0
"I like I Move CA - Los Angeles Movers , they moved me before , but this time they were awesome :)",0
Usually very quick and timely .,0
Doctor Bogomilsky knows her stuff too .,0
Relish,0
A Top Quality Sandwich made to artistic standards .,0
The best darlington has to offer in contemporary sandwicheering .,0
Drum and bass as standard .,1
Fast Service Called them one hour ago and they just left my house five minutes ago .,0
My house already feels fresh and good thanks to the Battery Park Pest I 'm enjoying my time indoors much better .,0
Will never use again .,0
Very rude and unprofessional .,0
The workers sped up and down the street with no mind to the small children playing .,0
Great service,0
"We at R&L Plumbing Services are pleased with your professionalism and the extra mile you went to get out computers working correctly , you will be our first call if anything happens again and we will refer you to other people with computer issues .",0
This is a great place to get a permit,0
"I had to get a permit here , it was cool",0
These guys do great work at VERY reasonable prices .,0
I have use them four times for fixing items from pushing out a dent in a bumper to fixing the fender on my beloved Miata .,0
I have never been disappointed .,0
Hospitality .!,0
Very good hospitality offered .!,0
Keep it up .,0
- Shree Ghatkopar Bhatia Mitra Mandal,0
spoken english rushi,0
can ever & never forget the training undergone here which made my life step onto the successful job without any hurdles .,0
"The staff , material provided , infra structure , environment & low fees totally above the satisfactory mark",0
Amazing service !,0
I just had the best experience at this Kal Tire location .,0
"Courteous , fast and friendly .",0
"Great Service , Thanks Don .",0
Nice Top Lights .,0
Fresh and Excellent Quality,0
We order take out from here all the time and we are never disappointed .,0
The food is always fresh and delicious .,0
It can be a little on the spicy side but just ask them exactly what you want and they are very helpful .,0
"amazing , fun , great beers .",0
service could be a little better but it s an all round good place,0
"Restaurant on top was renovated , food was decent , price was way to high for Duluth for quality , new decor seems tacky",0
Great service,0
These people were so helpful this week and did everything to sort out my windscreen and insurance .,0
It was all sorted with no hassle at all and I 'm really grateful - they were fab .,0
The best customer service I 've come across for long time .,0
Michael helped shoot the majority of my firm 's website and we could not have been happier .,0
We went through six photographers to find the right photographers that would represent our firm in the light we wished to and Michael and his team made that happen .,0
He 's worth every penny .,0
The pancakes are to die for .,0
house closing,0
Mrs. Tolchin provided us with excellent service and came with a great deal of knowledge and professionalism !,0
Her flexibility and accessibility made for an easy closing .,0
this is the worst Sam s club I 've ever been to,0
what a mind blowing servicing,0
They treat there employees with respect and concern and expect that they will extend the same politeness to there customers .,0
ipad reiew,0
they are the best orthodontics in the world .,0
i went there since i was four .,0
now i will have really straight teeth .,0
Yeah they ruined some shirts I had too .,0
Horrible !,0
This is a Ralph 's,0
I just called this number and it is a Ralph 's Market .,0
Excellent medical care !!!!!!,0
Highly recommend,0
I went to this urgent care center and was blown away with their service .,0
Finally a convenient place close to home .,0
Wonderful staff and physician .,0
Clean and superb .,0
Thanks for the great care !!!!,0
Will definitely go back when I need medical care .,0
Winning Attorney !,0
"The only 10.0 "" Perfect Score "" AVVO Rated Attorney I Have Ever Met .",1
"I Highly Recommend , The Law Offices Of Dale Gribow !!",1
wow wow wow .,0
the bast cab in minneapolis,0
"wow , the representative went way above and beyond in helping me with my account set up .",0
i wish the other utilities i had to set up had people to work with like this ..,0
Linda,0
I would highly recommend Landscape by Hiro .,0
Excellent customer service and quality work .,0
This is a great place to shop .,0
"I 've been a regular customer at this store since it opened , and love the fact that all of the employees are friendly locals .",0
"Particularly the lady who operates the front register , she 's very kind !",0
Kyle with Bullwark,0
Great job !,0
Listened to my problem and took care of it .,0
Thanks !,0
Gets the Job Done,0
We have utilized Mr. Pozza and his firm twice now in our family and both times have been very pleased .,0
I would not hesitate to use him again or refer him to my family or friends .,0
green curry and red curry is awesome !,0
remember to ask for extra vege,0
THE TEACHING THERE SUCKS !!!!!!!!!!!!!!!!!!!!!!!!!!!!!!!!!!!!!,0
ALL OF THE TEACHERS THERE ARE SO MEAN THEY GET MAD AT YOU FOR NOTHING !!!!!!!!!!!!!!!!!!!,1
THIS IS THE WORST SCHOOL I VE BEEN TO !!!!!!,1
kudos to Allentown Post Office staff,0
"The staff in Allentown are friendly , helpful and a delight to know ..",0
Natasha,0
A real pleasure training with Natasha .,0
"Always professional and reliable , sessions are good fun and suitably challenging .",0
"She really listens to what it is you would like to achieve , and I am very happy with my results .",0
I would highly recommend her services .,0
"Feels like you are in Brooklyn , but people watching is entertaining .",0
Poor Taste,0
"There is no lower rating for Noonan 's Liquor , owners and employees .",0
A negative number is not available .,0
CLH,1
Bulwark regarding service by Eric,0
Just wanted you to know that Eric came by as scheduled today and sprayed our house for scorpions .,0
He seemed to understand how important it was for us to make sure the whole house was sprayed so he took his time .,0
Thank you !,0
Best ceviche that I 'd had so far ! :),0
Deep tissue massage helps with pain in neck and shoulders,0
Seth provides deep tissue massage which has significantly reduced the pain in my neck and shoulders and added flexibility and movement back to the area .,0
"He listens and is excellent in diagnosing , addressing and explaining the specific issues and suggesting exercises to use .",0
Place is legit .,0
We got upgraded to a corner suite !,0
Room was amazing .,0
I have used Bright Futures for the last 7 years .,0
I have 3 children there and they are the Best .,0
They are like family .,0
Your children will be taken care of and loved by a professional staff .,0
"On time , Clean and very nice",0
I called over the weekend due to clogged kitchen sink .,0
Scheduled appointment for 8:30 Monday morning .,0
Rich was here before the scheduled time .,0
"He was very clean , very nice to work with and gave a very reasonable price .",0
HIGHLY recommend .,0
thanks Rich,0
Seth K .,1
exelent Job,0
""" Thank you so much for the superior job well done .",0
We love everything about the fence .,0
"You company and services will be recommended by us to everyone . """,0
never response the phone call,0
I love this place lots of people to talk to and school is across the street !,0
Drove all the way over from the highway ... closed at 7 .,0
Who does that ?!,0
My favorite place ...,0
My daughter and I stayed here again from the 7th to the 14th of December .,0
yet again it was a great stay from begiinning to end .,0
Okay our room was at times noisy but we were in a mega busy city at an extremely busy time of year .,0
Inford Media,0
"Media , Software , Fun and Games , Website design , Web Promotion , B2B , Business Promotion , Search Engine Optimization .",1
BEST DENTIST EVER -,1
Very fast and efficient service .,0
"I have had several dentists in my life , but Dr. Deters is by far my favorite .",0
I never wait in the waiting room more than two minutes and the cleanings are quick and painless .,0
"Good local steakhouse , I recommend it !",0
Great Place !,0
Love this place !!,0
Has another store in the st. charles mall .,0
Place is next to carval and walmart .,0
"Do nt go to the one by pepco , I got confused !!!",0
Bad place .,0
Go to ATLANTIC WIRELESS !!,1
I love them !!!,0
nice friendly local bagel place,0
"there might be bigger and more well known bagel places in the area but Family Bagels are nice people , small shop and incredibly friendly .",0
While other may be ok waiting in line at Town Bagel we are happy with the quality and service we get at Family Bagels,0
You are the only one auto glass repair shop in the area I would count on .,0
Channel Guide,0
"Believe it or not , but the channel guide has been most helpful to my family members that visit and do n't know where to start when it comes to watching satellite tv .",0
I just give them guide and they can find anything they need .,0
"Thanks again , Directv .",0
STAY AWAY,1
Horrible service .,0
Absolutely rude .,0
Did services I asked them NOT to do and was still charged .,0
Rude and Untrustworthy,0
These guys took Customer Service 101 from a Neanderthal .,0
They are especially rude to women .,0
Do not trust them !,0
This is my favorite coffee store .,0
Just ask American Express,0
Absolutely amazing job !,0
Susanna is the best dress maker / tailor I 've ever come across in my whole life !,0
She makes every item fit you perfectly .,0
"She is always so busy , too , which is a good indication of her talent .",0
She 's the best !,0
no feathers in stock !!!!,0
"I was very upset when I went to Mother Plucker , they had NO FEATHERS and the quality is TERRIBLE .",0
"I had to dig in a bag to find one nice feather , what a joke !",0
I hired this company to unlock my car .,0
The price they gave was good so I said hey this seems great .,0
"After they showed up there was a little trouble to get my car unlocked , it took quite a bit of time but the job was well done .",0
they recovered the pics geeksquad deleted .,0
many thanks,0
Love Hop City,0
This place is great !,0
Craig and Nate are wonderful .,0
I know now where to get all of my wine and beer .,0
No need to go to a grocer again .,0
Do n't waste your money on the jukebox,0
"The bartender is a douchebag and he has a little console behind the bar where he can delete songs he does n't like , and you end up paying for it .",0
Not enough seating .,0
Great Service Great People,0
Bisconti wanted over $ 300 to fix my laptop and these guys fixed it for $ 90 !,0
Call them today !,0
Had it fixed within a few days ( had to order a part ) .,0
An Hour Of Prego Bliss !,1
I schedule my weekly appointment here just to get a chance to lie comfortably on my tummy .,0
And the massages are heavenly !,0
Very friendly place .,0
The finest German bedding and linens store .,0
Quality and service come first here .,0
Wonderful Atmosphere,0
I have been going there since I was a little girl and love the friendly and relaxing atmosphere .,0
Dr. Stiefvater has always been very professional and helpful .,0
I would recommend Bayside Chiropractic to anyone who is in need of a regular adjustment or is suffering from a chronic condition .,0
Staten Island Computers,0
Superior work - always comes through when we need him .,0
We have tried many different computer people until now - we will stick with Qualitech Computers !!!,0
teeth,0
this dentist want to pull the tooth out always .. always wants to do the cheapest for his benefit .. not unless he knows you .,0
and hopefully you do not know the same people because he tells others about you payment status .,0
Which should be a private issue,0
The best Supermarket in Bay Ridge have everything what a customer needs .,0
very reasonable prices .,0
quick in & out .,0
Friendly service .,0
This place is awesome,0
"Great work , good price .",0
Definetely going back,0
So delightful .,0
What a group !,0
I would n't want any other company in my time of need .,0
Great people !,0
So professional !,0
These guys know what they 're doing !,0
Way to go !,0
Awesome service with a smile :),0
Out of business ?,0
I think this location is no longer in business .,0
"If you check RecWarehouse.com , they do n't list this as a location .",0
You 'll have to drive 10 miles down 75 to Allen .,0
not impressive enough,0
"It 's a fine place , I 'm just a little mystified about the Michelin star .",0
"Nothing wrong with it , just better options at this price point .",0
Very Informative website with a lot of good work,0
"Close to my house , this is the only reason I would go to this particular QT .",0
Terrible customer service,0
"Fried rice has NO flavor , it literally taste like water .",0
"When I tried to return it they refused , so I had to leave without a refund and still hungry .",0
"Quality has fallen over the years , but still the best go - to burger place on the East Bay .",0
Great place,0
Really great service and kind staff .,0
The haircut was inexpensive and so were the salon services ( eyebrows were cheap ! ) .,0
"It 's a nice , relaxed place to get stuff done and relax .",0
I plan on going again .,0
Great gym and great services .,0
A very nice park .,0
The architecture is simplz splendid .,0
Best Limo Limousine service in all of Dallas,0
Great Limos company int he DFW fort Worth Metro area .,0
I use their limo services for all of my airport car services and airport transportation needs,0
slow service,0
"I used to take my cars there all the time , but management changes hands too frequently , the service has been slow , and they often try to "" add on "" extra services , which sometimes is not needed .",1
I do nt go there anymore,0
I gave Dr. Rohatgi 2 stars because her assistant was very pleasant .,0
"However , I did not find her very helpful and her receptionist was rude .",0
"Old time grocery , best steaks I have ever had !",0
"Great meats that are already cooked , easy to take home for dinner .",0
Dr. White is the best !,0
I am in love with the giant plate of nachos !,0
"Last time I went however , my beer was warm and the service was so - so .",0
I get that careless teenager kind of treatment from some of their staff ... perhaps they should hire more serious adults to help serve / cook .,0
The best pilates on the Gold Coast !,0
Not impressed .,0
Overpriced and the doctor acted arrogant and rushed at a time when there was very few clients in the facility .,0
I wo n't return .,0
Class act .,0
It was late in the day and I was worried I would get charged an arm and a leg and have to wait forever .,0
They picked my car up in Yarmouth and towed to Bath for a great price .,0
Would do business with them again .,0
Good clean store nice car wash,0
Best Electrician in Florence,0
I have been using Steele Electric for years .,0
They have always done a great job at a reasonable price .,0
Highly recommended .,0
Would not recommend I Was in a fair amount of pain for several weeks .,0
his clinic is very very dirty he is a real disaster to go totally not organized for every step he take .,0
WHAT A GREAT DEAL THANK YOU,1
"Great deals , great pizza !",0
One of the better vegetarian sandwiches I 've had in Seattle .,0
"And from a place that specializes in high quality meat , too .",0
Cleanest guesthouse i have been to,0
Stayed here for 2 nights .,0
The owner was very friendly and helpful .,0
The rooms were very clean and the breakfast was excellent .,0
Good location and off road parking made our stay very convenient .,0
What a Preschool !,0
"If you want the best for your child , do n't hesitate in visiting this wornderful school .",0
This is the very best in the Gables .,0
hard to forgive such an awful margarita and steep prices but the food can be good,0
Not so good,0
Not worth the money .,0
Bland and over cooked .,0
I felt as if I was in an over priced Olive Garden .,1
I was hoping to have found a regular place to eat .,0
But not so .,0
Got to love this place .,0
Everyone is relaxed and having fun !!!,0
Bad Service,0
Definately wo n't be returning .,0
Travelled 40 mins after calling to see if a product was in stock .,0
Told that they had plenty .,0
Get there and there was nothing .,0
Not impressed !!!,0
Did a great job of removing my tree in Conyers .,0
Thanks Southland .,0
A TERRIBLE EXPERIENCE !,1
I remain unhappy .,0
I still have noticeable scarring .,0
I still have surgically induced hair loss .,0
My results were just AWFUL .,0
My post-op treatment was TERRIBLE .,0
"I would n't recommend this place last year , and I certainly would n't recommend them this year .",0
local crew !!!,0
home team - thanks 4 playin !!!,0
Great Manicure,0
This place offers a great manicure and pedicure .,0
My nails looked great for the better part of 2 weeks !,0
"Also very friendly and the stylists are not in the "" been there / done that "" mood !",0
Great work !,0
The people at Gulf Coast Siding were very easy and clear to work with .,0
They walked me through all the steps involved in the the installation project so that there were no surprises .,0
I found them extremely professional and would highly recommend them .,0
Thanks,0
the service is quick .,0
and the people are sweet :),0
A Definite No,0
"Incompetent servers , kitchen and management .",0
Expect either undercooked or mushy food and lackluster service .,0
The investors put big bucks into the building but are clueless about what makes a good dining or bar experience .,0
Even the least discriminating diner would know not to eat at Sprecher 's .,0
Great food and nice people very pleasant experience .,0
Pam the Pom,0
Fantastic couple of days .,0
Breathtaking views and fabulous accommodation .,0
"Nothing too much trouble for Ian , thanks for a great stay .",0
"The food is excellent , but very overpriced .",0
"How do you run a cafe , with no refills on coffee - ?",0
The management and staff are superb .,0
I worked with Sam Mones who took great care of me .,0
This is by far the best run dealership in Miami .,0
AMAZING,1
Absoul is the greatest donair man on the planet .,0
Highly recommended .,0
"If you enjoy amazing things , you must go to World 's Finest Donair .",0
Lest you be lame !!!,0
I give this place 11 / 10 .,0
3 thumbs up .,0
Bon appetit !,0
great tmobile service,0
I was with verizon and I checked my service with tmobile and it was great so I thought I would try tmobile .,0
It turned out being very good quality tmobile service and I was happy with the new tmobile phone .,0
"Too many kids , too many knifings , too many taserings .",0
Great quality doors and great quality people !,0
The door is easy to use and it keeps the cold out during the winter .,0
The sales staff and the installation staff were all easy to get along with .,0
I highly recommend Garage Pros to my friends .,0
"I appreciate the quick , good service and the reasonable prices and will definitely use American Pride Irrigation & Landscaping again .",0
Extremely greasy .,0
Hit or miss on the service .,0
My fries were n't fully cooked last time I went there .,0
Pretty spendy for really not great quality,0
Tire Gooroo,0
David Bundren is the Tire GooRoo .,0
Do n't bother .,0
It 's impossible to understand how this place has survived .,0
Worst experience ever like a sardine can and the bartender downstairs is the rudest person I have ever met .,0
DO Nt Go here,0
The Supreme Court announced its ruling today in Hamdan v. Rumsfeld divided along idelogical lines with John Roberts abstaining due to his involvement at the D.C. Circuit level and Anthony Kennedy joining the liberals in a 5 - 3 decision that is 185 pages long .,1
The actual vote is a little confusing .,0
"Stay with me now : John Paul STEVENS delivered the opinion of the Court with respect to Parts I through IV , VI through VI - D - iii , VI - D - v , and VII , in which KENNEDY , SOUTER , GINSBURG , and BREYER joined , and an opinion with respect to Parts V and VI - D - iv , in which SOUTER , GINSBURG , and BREYER joined .",1
"BREYER filed a concurring opinion , in which KENNEDY , SOUTER , and GINSBURG joined .",1
"KENNEDY filed an opinion concurring in part , in which SOUTER , GINSBURG , and BREYER joined as to Parts I and II .",1
"SCALIA filed a dissenting opinion , in which THOMAS and ALITO joined .",1
"THOMAS filed a dissenting opinion , in which SCALIA joined , and in which ALITO joined as to all but Parts I , II - C - 1 , and III - B - 2 .",1
"ALITO filed a dissenting opinion , in which SCALIA and THOMAS joined as to Parts I through III .",1
"It will take me a little while to read the whole thing , but I rarely agree with a John Paul Stevens opinion .",0
I 'll post highlights from the opinion and dissents when I 'm finished .,0
President Bush pinched a few nerves yesterday with his choice of words :,0
WASHINGTON ( Reuters ) -,1
"U.S. Muslim groups criticized President Bush on Thursday for calling a foiled plot to blow up airplanes part of a "" war with Islamic fascists , "" saying the term could inflame anti-Muslim tensions .",1
"U.S. officials have said the plot , thwarted by Britain , to blow up several aircraft over the Atlantic bore many of the hallmarks of al Qaeda .",1
""" We believe this is an ill - advised term and we believe that it is counterproductive to associate Islam or Muslims with fascism , "" said Nihad Awad , executive director of the Council on American - Islamic Relations advocacy group .",1
Which is why he did n't say we 're at war with Islamic people .,0
We 're at war with Islamic fascists .,0
"By using the word "" Islamic "" as an adjective Bush was purposely not associating Muslims with fascism , hence the qualifier .",1
"And if you have n't heard by now , the roster of suspected terrorists has not a Tom , Dick or Harry among them :",0
"Umir Hussain , 24 , London E14",1
"Muhammed Usman Saddique , 24 , London E17",0
"Waheed Zaman , 22 , London E17",1
"Assan Abdullah Khan , 22 , London E17",1
"Waseem Kayani , 28 , High Wycombe",0
"Waheed Arafat Khan , 24 , London E17",1
"Cossor Ali , 24 , London E17",1
"Tayib Rauf , 21 , Birmingham",0
"Ibrahim Savant , 26 , London E17",1
"Osman Adam Khatib , 20 , London E17",1
"Shamin Mohammed Uddin , 36 , Stoke Newington",0
"Amin Asmin Tariq , 23 , London E17",1
"Shazad Khuram Ali , 27 , High Wycombe",1
"Tanvir Hussain , 24 , London E10",1
"Umar Islam , 28 , ( born Brian Young ) High Wycombe",1
"Assad Sarwar , 25 , High Wycombe",0
"Abdullah Ali , 26 , London E17",1
"Abdul Muneem Patel , 17 , London E5",1
"Nabeel Hussain , 21 , Waltham Forest Lest you be confused with the suspects from an earlier plot foiled in Canada a few months ago : Fahim Ahmad , 21 , Toronto ;",1
"Zakaria Amara , 20 , Mississauga , Ont. ;",1
"Asad Ansari , 21 , Mississauga ;",1
"Shareef Abdelhaleen , 30 , Mississauga ;",0
"Qayyum Abdul Jamal , 43 , Mississauga ;",0
"Mohammed Dirie , 22 , Kingston , Ont. ;",1
"Yasim Abdi Mohamed , 24 , Kingston ;",1
"Jahmaal James , 23 , Toronto ;",1
"Amin Mohamed Durrani , 19 , Toronto ;",0
"Steven Vikash Chand alias Abdul Shakur , 25 , Toronto ;",0
"Ahmad Mustafa Ghany , 21 , Mississauga ;",0
"Saad Khalid , 19 , of Eclipse Avenue , Mississauga .",1
"We 've got a Steven , the one word that did n't crash my spell - check , despite it being followed by a Vikash Chand Abdul Shakur .",0
"Folks , if it 's Islamic , and fascist , it 's an Islamic fascist .",0
But because we do n't want to sound hateful we must pretend everyone 's a possible suspect and make airline travel more miserable than it 's ever been .,0
"I doubt the very few who actually read my blog have not come across this yet , but I figured I would put it out there anyways .",0
John Donovan from Argghhh! has put out a excellent slide show on what was actually found and fought for in Fallujah .,0
Click here To view it .,0
He makes some good observations on a few of the pic's .,0
One of the pictures shows a flag that was found in Fallujah .,0
On the next two pictures he took screenshots of two beheading video's .,0
Compare the flags to the Fallujah one .,0
You have to see these slides .... they are amazing .,0
This Fallujah operation my turn out to be the most important operation done by the US Military since the end of the war .,0
"Bill over at The Fourth Rail has an excellent essay on how the MSM and the UN , even the leftist countries in Europe , are basically accepting terrorist organizations as legitimate forms of a political party :",1
"On the same day Palestinians protest in support of Hezbollah and Syria , the terrorist group Hamas has indicated it will participate in the scheduled upcoming Parliamentary elections .",0
"To the north in Lebanon , there is serious debate within Hezbollah about entering the Lebanese political process in light of Syria 's promised withdrawal .",0
"Syria has agreed to withdraw under the conditions set forth in UNSC Resolution 1559 , which has already begun .",1
"UN Secretary - General Kofi Annan has indicated it is time to "" recognize Hezbollah "" after easily being duped by "" the message on the placards they are using "" .",1
This acceptance of blatantly terrorist groups as legitimate freedom movements is a cancerous tumor on the United Nations and the media .,0
"Over three years after 9-11 , the United Nations , despite their attempts to project strength in fighting terrorism , still can not properly define the word "" terrorist "" , waffling over the issue of whether the murder of innocent civilians are terrorist acts .",1
"The media routinely obscures the lines between terrorism and legitimate resistance , as the recent article by Daniel Okrent of The New York Times demonstrates .",1
...,0
"The decision to sidestep the obvious to satisfy the need to avoid confrontation does not bring peace , but only delays the eventual conflict as the predators of Hamas and Hezbollah exploit the inherent weakness of the internationals and the media .",1
"I 've been fuming over this fact for a few weeks now , ever since some organizations and governments suggested we need to accept the fact that Hezbollah will get involved in running Lebanon .",0
Wtf is this ?,0
This is a terrorist organization plain and simple .,0
"This is the organization that bombed our Marine barracks in 1983 , took Americans hostage throughout the 80's and now they should be considered a legitimate organization ?",0
"This is just another reason to never trust the MSM , and certainly not the Europeans .",0
Iran says it is creating nuclear energy without wanting nuclear weapons .,0
The United States does n't believe the Iranian Government .,0
One can suspect the Iranian Government .,0
But there is no proof .,0
I read an Article in Time magazine accusing the Iranian Government of being willing to start a nuclear war and I sympathise with the Article .,1
They are certainly being nasty to the United Nations Security Council in connection with the anti-proliferation treaty .,0
The President has also said he would like to see Israel wiped off the map which he could n't even begin to try without nuclear weapons .,0
But he has insisted that he wants nuclear power for peaceful purposes .,0
Many people want to use diplomacy with Iran rather than military pressure .,0
But will diplomacy work ?,0
And can anyone use military pressure without proof ?,0
One reader pointed out that the President watched the Americans in the embassy when they took them hostage .,0
He has denied this .,0
We do n't have to believe him .,0
But we ca n't prove it .,0
It does seem that Iranians frequently make statements and then hide behind lack of proof .,0
"Let me join the chorus of annoyance over Google 's new toolbar , which , as noted in the linked article , commits just about every sin an online marketer could commit , and makes up a few new ones besides .",1
I 'm not fond of the Google - hates - privacy argument,0
"( You do n't need to use their site , you can opt - out of sharing your information , you do n't need to send stuff to anyone with a Gmail account , and if -- wonder of wonders -- you 're worried that you might send something to someone who would forward an excerpt to someone who would then store it on a Gmail account ... you have far , far too much time on your hands ) .",0
"However , this toolbar is really bad news .",0
"On the other hand , it looks pretty cool .",0
"( And , by the way , is anybody else just a little nostalgic for the days when that was a good thing ? )",0
"This BuzzMachine post argues that Google 's rush toward ubiquity might backfire -- which we 've all heard before , but it 's particularly well - put in this post .",0
Google is a nice search engine .,0
Does anybody use it for anything else ?,0
"They own blogger , of course .",0
Is that a money maker ?,0
I 'm staying away from the stock .,0
"Warren Buffett is giving away 85 % of his wealth , mostly to the Bill and Melinda Gates Foundation .",0
"It 's a move that really worries me ; Buffett 's usual justification for keeping most of his money was that he was still compounding the value of his fortune at a pretty high rate , so any gifts now would mean significantly less money for the foundation later .",0
"It 's a little hard to parse , but at this point his ostensible view is that the Gateses are very good money - redistributors , and he wants them to have the money as soon as possible .",0
Which essentially sounds like he 's worried that Bill or Melinda are going to die soon .,0
I assume his actual reason is that he 's worried that Berkshire Hathaway just ca n't grow quickly enough to justify his usual charity policy .,0
I 'm not sure how the market will react .,0
"It does n't change the company 's intrinsic worth , and as the article notes , the company might be added to a major index once the shares get more liquid .",0
"On the other hand , this is essentially a statement that the company is overpriced from the guy who knows it best -- and happens to be the best investor of the last century .",0
"em ... no ... the Gates foundation mainly invests in medical research and education , that means donating now adds a tremendous value compared to donating in ten years .",1
Because the 10.000.000 people dying from malaria will otherwise be dead .,0
i.e .,0
"He 's not giving 85 % away , he 's giving a number of shares each year that decrease in number at the rate of 5 % a year ( until gone ? ) .",1
He mentions his wife 's death having an effect on him .,0
"It sounds pretty rational that he 's saying that Bill and Melinda are at a prime spot , so starting the money hose now is a good idea , but Buffet is still keeping most of his donation inside of Berkshire where it will compound .",0
"Important news such as President Bush 's miniscule calibrations on his marriage amendment / anti-gay ( update : he 's not against gays in the bedroom , just at the altar , where of course their relationships should not only be frowned upon but should be constitutionally excluded ) has pushed Sudan not just off the front pages , or the A section , but out of the NY Times and Washington Post completely .",1
I had to go to the BBC for this report .,0
"It 's symptomatic , I suppose , of our fast - paced , 24 hour news - cycle lives , that the biggest short - term humanitarian crisis in the world would quickly be eclipsed , once our Secretary of State was finished with his whirlwind tour , from the newspapers .",1
It 's just disappointing .,0
"Most troubling , however , is the fact that the political will to end the crisis expressed a few short weeks ago seems to have ebbed .",0
"At that time , UN Secretary General Kofi Annan demanded steps be taken to end the ethnic violence in Darfur within 48 hours .",0
"Two weeks later , and the violence continues .",0
"The African Union is clearly not up to the task of keeping the peace , pledging 300 troops to an area that will need 15,000 , according to analysts .",1
"And international donors have given only half of the relief aid that Darfur needs , according to the local UN officials .",0
"So hear we are , two weeks later , after that dazzling PR display two weeks ago by Powell and Annan , and the situation on the ground in Darfur appears basically unchanged .",1
What if Google Morphed Into GoogleOS ?,0
What if Google expanded on its search - engine ( and now e-mail ) wares into a full - fledged operating system ?,0
[ via Microsoft Watch from Mary Jo Foley ],0
"Angry crowds chanted anti-American slogans in the western city of Falluja ( pop. 256,000 ) as the security police killed in a friendly fire incident by US troops were buried on Saturday .",1
"Reuters reported that "" Sunni clerics in the town issued a ' Declaration by the people of Fallujah ' condemning the deaths of the security guards and police , announcing three days of mourning , and calling for a general strike today . """,1
"It read , "" The people of Fallujah condemn the massacre which was committed on Friday against people dedicated to the protection of Fallujah .",0
"Let aggressive ( American ) leaders and soldiers know that we are capable of protecting the city 's security and safety , and ask them to lift their hands from the city . """,0
The clerics demanded talks with local US commanders .,0
"Falluja has long been roiled by tense relations with the US soldiers there , since local Sunnis either remain committed to Arab nationalism or have become Sunni fundamentalists or even radicals .",0
Cities such as Falluja received special treatment from Saddam and enjoyed a disproportionate share of the country 's wealth and power .,0
"They know that the American advent implies for them a demotion , and an elevation of the Shiites and Kurds , and they refuse to go quietly .",0
See http://www.gulf-news.com/Articles/news.asp?ArticleID=97508,0
The September 11 Panel will issue its findings on Thursday .,0
It notes 10 points at which the US made key mistakes that might have stopped Bin Laden 's plot .,0
Four of these were under Clinton and 6 under Bush .,0
"Bush came out today and said that if he had known what was coming , he would have expended every effort to stop it , and that so would have Clinton .",0
"This statement is , despite its facade of fair - mindedness , so many weasel words .",0
Of course Bush would have tried to stop 9/11 if he had known it was coming .,0
"The question is , "" Should he have known it was coming ? """,0
"The answer is , "" Yes ! """,0
We now know that Bush and his administration came into office obsessed with Iraq .,0
"Cheney was looking at maps of Iraq oil fields and muttering about opportunities for US companies there , already in January or February of 2001 .",0
"Wolfowitz contradicted counter-terrorism czar Richard Clarke when the latter spoke of the al - Qaeda threat , insisting that the preeminent threat of terrorism against the US came from Iraq , and indicating he accepted Laurie Mylroie 's crackpot conspiracy theory that Saddam was behind the 1993 World Trade Towers bombing .",1
"If you believe crackpot theories instead of focusing on the reality -- that was an al - Qaeda operation mainly carried out by al - Gamaa al - Islamiyyah , an Egyptian terrorist component allied with Bin Laden -- then you will concentrate on the wrong threat .",1
"Even after the attacks on September 11 , Bush was obsessing about Iraq .",0
Wolfowitz lied to him and said that there was a 10 to 50 % chance that Iraq was behind them .,0
( On what evidence ?,0
"The hijackers were obviously al - Qaeda , and no operational links between al - Qaeda and Iraq had ever been found ) .",1
"Rumsfeld initially rejected an attack on al - Qaeda bases in Afghanistan , saying there were "" no good targets "" in Afghanistan .",0
( What about 40 al - Qaeda bases that had trained the 9/11 hijackers and other terrorists gunning for the United States ?? ),0
"The Pentagon did not even have a plan for dealing with Afghanistan or al - Qaeda that it could pull off the shelf , according to Bob Woodward .",0
Bush did not have his eye on the ball .,0
"Neither did Cheney , Rumsfeld , or Wolfowitz .",0
They were playing Captain Ahab to Saddam 's great white whale .,0
Imperial Hubris makes the case that lots of people in the CIA and counter-terrorism divisions elsewhere in the US government knew all about Bin Laden and the threat he posed .,0
They were from all accounts marginalized and not listened to .,0
"Bush demoted Dick Clarke , among the most vocal and focused of the al - Qaeda experts , from his cabinet .",1
"Dick could never thereafter get any real cooperation from the cabinet officers , who outranked him , and he could not convince them to go to battle stations in the summer of 2001 when George Tenet 's hair was "" on fire "" about the excited chatter the CIA was picking up from radical Islamist terrorists .",1
"As for the Clinton administration , let me say one thing in its defense .",0
"Clinton had worked out a deal with Pakistani Prime Minister Nawaz Sharif in summer of 1999 that would have allowed the US to send a Special Ops team in after Bin Laden in Qandahar , based from Pakistan .",1
I presume you need the Pakistan base for rescue operations in case anything went wrong .,0
You also need Pakistani air space .,0
The plan was all set and could have succeeded .,0
"But in fall of 1999 , Gen. Pervez Musharraf made a coup against Nawaz Sharif .",0
"The Pakistani army was rife with elements protective of the Taliban , and the new military government reneged on the deal .",0
Musharraf told Clinton he could n't use Pakistani soil or air space to send the team in against Bin Laden .,0
"Look at a map and you try to figure out how , in fall of 1999 , you could possibly pull off such an operation without Pakistani facilities .",0
"Of course , you could just go in by main force .",0
"But for those of you tempted in that direction , please look up Carter 's Tabas operation .",0
It should be easily googled .,0
"Clinton tried , and tried hard .",0
The gods were n't with us on that one .,0
"On the internet site of Monotheism and Holy War ( al - Tawhid wa al - Jihad ) , the group allegedly declared , "" We announce that the Tawhid and Jihad Group , its prince and soldiers , have pledged allegiance to the sheikh of the mujahideen Osama bin Laden . """,1
This pledge is a new development .,0
Abu Musab al - Zarqawi and his group are said to have been bitter rivals of al - Qaeda during the Afghan resistance days .,1
One witness at the Moutasaddiq trial in Germany alleged that Zarqawi had not allowed Monotheism and Holy War to share resources with al - Qaeda in the early zeroes of the 21st century .,1
"If the statement is true , it is a worrying sign that even the divided small radical guerrilla groups are being "" picked up "" by al - Qaeda .",0
This consolidation is obviously a result of Bush 's aggressive invasion of Iraq and of the botching of the aftermath .,0
It is a setback for the war on terror .,0
"Al - Qaeda in Afghanistan was a group of only a few hundred "" Afghan Arabs "" who pledged personal loyalty to Usamah Bin Laden .",1
"It could notionally be expanded to encompass the 5,000 - strong "" 55th Brigade "" of the Taliban regime , though this is not the technical definition .",0
"Because Usamah is Saudi , my guess is that they were especially influenced by an extremist form of the Wahhabi school of Islam that predominates among Saudia 's some 15 million citizens .",0
"In 1998 they were joined by Egyptians from the al - Jihad al - Islami group of Ayman al - Zawahiri ( many of these were from Upper Egypt , especially Asyut and environs ) .",1
"After that point , al - Qaeda was a joint enterprise between the Egyptian extremists and the polyglot Arabs around Bin Laden , only some of whom were Saudi .",1
"Zarqawi is a Jordanian , and his Monotheism and Holy War group in Afghanistan probably had a distinctive coloration as mainly Jordanian , Palestinian and Syrian .",1
They also had a special connection to some extremists in Jordan and Germany .,0
"They are probably especially oriented toward the Salafi school of modern Islamic thought , which has a Protestant - like emphasis on going back to the original practice of the early companions of the Prophet Muhammad .",1
"( Most Salafis are not militant or violent , though they tend to be rather narrow - minded in my experience , on the order of Protestant Pietists ) .",0
"Monotheism and Holy War obviously does have a violent interpretation of Salafism , rather as the the leaders of the so - called German Peasant Rebellion among early Protestants did .",1
"Another worrisome sign is that local Iraqi Sunni fundamentalists opposed to the US presence in Iraq have begun joining Monotheism and Holy War , and wearing its distinctive orange and black insignia .",0
These have been sighted among Iraqi crowds on Haifa Street in Baghdad and in Samarra .,0
So now there are hundreds of al - Qaeda members in Iraq where there had been none before .,0
"The consolidation of smaller local radical fundamentalist groups with al - Qaeda can also be seen in the case of the Fizazi group in Tangiers that morphed into the Moroccan Islamic Combatant Group , had members who met with September 11 ringleader Muhammad Atta , and ultimately was in part responsible for the Madrid train bombings .",1
"The Iraqi Islamic Party lead by Muhsin Abdul Hamid , has been among the few Sunni Muslim groups willing to cooperate ( even if rather lukewarmly ) with the Americans .",1
It is now threatening to pull out of the Allawi caretaker government .,0
"The IIP had also been the main force urging Sunni Arabs to participate in the elections scheduled for January , and had been opposed in this stance by the Association of Muslim Scholars .",1
"That the Iraqi Islamic Party is now contemplating leaving the Allawi government raises the question of whether a mass Sunni Arab boycott of the elections is in the offing , thus fatally weakening the legitimacy of any new government .",1
Az - Zaman : The Association of Muslim Scholars forbade Iraqis to participate in the attack on Fallujah with the Americans .,0
"In a communique , the AMS said that for Iraqis to take part with "" raiding forces "" in the assault on a city , the population of which is Muslim ( such as Fallujah ) would be considered the most mortal of mortal sins .",1
"The Sunni AMS told Iraqis , "" You sinned when you participated with occupation forces in the assault on Najaf , and beware lest you repeat this same sin in Fallujah .",0
"Remember that the Occupation is emphemeral . """,0
"The radical Shiite Sadr movement issued a statement forbidding the participation of Iraqi troops in the attack on Fallujah , as well .",1
"The statement said , "" We direct an appeal at the men in the Iraqi forces , whether national guards or others , the majority of whom are Muslim , calling upon them to refrain for commiting this enormous sin under the banner of forces that do not respect our religion or any principles of basic humanity , and we ask them to view this war as illegal . """,1
"It called a "" ploy "" the assertaion that the attack was merely on foreign fighters at Fallujah .",0
"The convergence of views among the more militant Sunni Muslim clerics of AMS and the radical Shiites of the Sadr movement has been seen before , last spring during the initial US assault on Fallujah and during the US attack on Mahdi Army militiamen in Najaf .",1
"Most Shiites , however , are still reluctant to take major risks to support the Sunnis of Fallujah , many of whom had supported Saddam and his anti-Shiite pogroms .",1
